ID,Activities,TUCASEID,Info,Coord,Coord2
1,ST,352,1,0,0
2,ST,352,1,0,0
3,PC,352,1,0,0
4,PC,352,1,0,0
5,ST,352,1,0,0
6,PD,352,1,0,0
7,PC,352,1,0,0
8,PC,352,1,0,0
9,ST,352,1,0,0
10,PD,352,1,0,0
11,ST,352,1,0,0
12,PD,352,1,0,0
13,ST,352,1,0,0
14,ST,352,1,0,0
15,ST,352,1,0,0
16,ST,352,1,0,0
17,ST,352,1,0,0
18,PD,352,1,0,0
19,ST,352,1,0,0
20,ST,352,1,0,0
21,PD,352,1,0,0
22,PC,352,1,0,0
23,ST,352,1,0,0
24,ST,352,1,0,0
25,ST,352,1,0,0
26,PC,352,1,0,0
27,PD,352,1,0,0
28,ST,352,1,0,0
29,PC,352,1,0,0
30,ST,352,1,0,0
31,ST,352,1,0,0
32,ST,352,1,0,0
33,ST,352,1,0,0
34,ST,352,1,0,0
35,PD,352,1,0,0
36,ST,352,1,0,0
37,ST,352,1,0,0
38,ST,352,1,0,0
39,ST,352,1,0,0
40,PC,352,1,0,0
41,ST,352,1,0,0
42,ST,352,1,0,0
43,PC,352,1,0,0
44,ST,352,1,0,0
45,ST,352,1,0,0
46,PC,352,1,0,0
47,ST,352,1,0,0
48,ST,352,1,0,0
49,PC,352,1,0,0
50,ST,352,1,0,0
51,PC,352,1,0,0
52,ST,352,1,0,0
53,ST,352,1,0,0
54,PC,352,1,0,0
55,ST,352,1,0,0
56,PC,352,1,0,0
57,ST,352,1,0,0
58,ST,352,1,0,0
59,ST,352,1,0,0
60,ST,352,1,0,0
61,ST,352,1,0,0
62,ST,352,1,0,0
63,ST,352,1,0,0
64,PC,352,1,0,0
65,ST,352,1,0,0
66,ST,352,1,0,0
67,PD,352,1,0,0
68,PC,352,1,0,0
69,PC,352,1,0,0
70,PC,352,1,0,0
71,PC,352,1,0,0
72,ST,352,1,0,0
73,ST,352,1,0,0
74,ST,352,1,0,0
75,PC,352,1,0,0
76,PD,352,1,0,0
77,PC,352,1,0,0
78,PC,382,1,4,1
79,PD,382,1,4,1
80,ST,382,1,4,1
81,ST,382,1,4,1
82,ST,382,1,4,1
83,ST,382,1,4,1
84,PD,382,1,4,1
85,ST,382,1,4,1
86,ST,382,1,4,1
87,PD,382,1,4,1
88,ST,382,1,4,1
89,PC,382,1,4,1
90,ST,382,1,4,1
91,ST,382,1,4,1
92,ST,382,1,4,1
93,PC,382,1,4,1
94,ST,382,1,4,1
95,ST,382,1,4,1
96,ST,382,1,4,1
97,ST,382,1,4,1
98,ST,382,1,4,1
99,ST,382,1,4,1
100,ST,382,1,4,1
101,ST,382,1,4,1
102,ST,382,1,4,1
103,ST,382,1,4,1
104,ST,382,1,4,1
105,ST,382,1,4,1
106,PC,382,1,4,1
107,ST,382,1,4,1
108,ST,382,1,4,1
109,ST,382,1,4,1
110,ST,382,1,4,1
111,PC,382,1,4,1
112,ST,382,1,4,1
113,ST,382,1,4,1
114,ST,382,1,4,1
115,ST,382,1,4,1
116,ST,382,1,4,1
117,ST,382,1,4,1
118,ST,382,1,4,1
119,PD,382,1,4,1
120,ST,382,1,4,1
121,PD,382,1,4,1
122,ST,382,1,4,1
123,ST,382,1,4,1
124,ST,382,1,4,1
125,ST,382,1,4,1
126,ST,382,1,4,1
127,ST,382,1,4,1
128,ST,382,1,4,1
129,ST,382,1,4,1
130,ST,382,1,4,1
131,ST,382,1,4,1
132,ST,382,1,4,1
133,ST,382,1,4,1
134,ST,382,1,4,1
135,ST,382,1,4,1
136,PC,382,1,4,1
137,ST,382,1,4,1
138,ST,382,1,4,1
139,ST,382,1,4,1
140,ST,382,1,4,1
141,ST,382,1,4,1
142,PD,382,1,4,1
143,PC,382,1,4,1
144,ST,382,1,4,1
145,ST,382,1,4,1
146,ST,382,1,4,1
147,ST,382,1,4,1
148,ST,382,1,4,1
149,ST,382,1,4,1
150,ST,382,1,4,1
151,ST,382,1,4,1
152,PC,382,1,4,1
153,PC,382,1,4,1
154,PC,382,1,4,1
155,ST,382,1,4,1
156,ST,382,1,4,1
157,ST,382,1,4,1
158,PD,382,1,4,1
159,PC,382,1,4,1
160,PD,382,1,4,1
161,PC,382,1,4,1
162,ST,382,1,4,1
163,ST,382,1,4,1
164,ST,382,1,4,1
165,ST,382,1,4,1
166,ST,382,1,4,1
167,ST,382,1,4,1
168,ST,382,1,4,1
169,ST,382,1,4,1
170,ST,382,1,4,1
171,PC,382,1,4,1
172,PC,382,1,4,1
173,ST,382,1,4,1
174,ST,382,1,4,1
175,ST,382,1,4,1
176,ST,382,1,4,1
177,ST,382,1,4,1
178,ST,382,1,4,1
179,ST,382,1,4,1
180,ST,382,1,4,1
181,ST,382,1,4,1
182,ST,382,1,4,1
183,PC,382,1,4,1
184,ST,382,1,4,1
185,ST,382,1,4,1
186,ST,382,1,4,1
187,PD,382,1,4,1
188,ST,382,1,4,1
189,ST,382,1,4,1
190,ST,382,1,4,1
191,ST,382,1,4,1
192,ST,382,1,4,1
193,ST,382,1,4,1
194,ST,382,1,4,1
195,ST,382,1,4,1
196,ST,382,1,4,1
197,ST,382,1,4,1
198,ST,382,1,4,1
199,ST,382,1,4,1
200,PD,382,1,4,1
201,ST,382,1,4,1
202,ST,382,1,4,1
203,ST,382,1,4,1
204,ST,382,1,4,1
205,ST,382,1,4,1
206,ST,382,1,4,1
207,ST,382,1,4,1
208,ST,382,1,4,1
209,ST,382,1,4,1
210,ST,382,1,4,1
211,ST,382,1,4,1
212,ST,382,1,4,1
213,ST,382,1,4,1
214,PD,382,1,4,1
215,ST,382,1,4,1
216,ST,382,1,4,1
217,ST,382,1,4,1
218,ST,382,1,4,1
219,ST,382,1,4,1
220,ST,382,1,4,1
221,ST,382,1,4,1
222,ST,382,1,4,1
223,ST,382,1,4,1
224,ST,382,1,4,1
225,ST,382,1,4,1
226,ST,382,1,4,1
227,ST,382,1,4,1
228,ST,382,1,4,1
229,ST,382,1,4,1
230,ST,382,1,4,1
231,ST,382,1,4,1
232,ST,382,1,4,1
233,ST,382,1,4,1
234,ST,382,1,4,1
235,PC,382,1,4,1
236,PC,382,1,4,1
237,ST,382,1,4,1
238,ST,382,1,4,1
239,ST,382,1,4,1
240,ST,382,1,4,1
241,ST,382,1,4,1
242,ST,382,1,4,1
243,ST,382,1,4,1
244,ST,382,1,4,1
245,ST,382,1,4,1
246,ST,382,1,4,1
247,ST,382,1,4,1
248,ST,382,1,4,1
249,ST,382,1,4,1
250,ST,382,1,4,1
251,ST,382,1,4,1
252,ST,382,1,4,1
253,ST,382,1,4,1
254,ST,382,1,4,1
255,ST,382,1,4,1
256,ST,382,1,4,1
257,ST,382,1,4,1
258,ST,382,1,4,1
259,ST,382,1,4,1
260,ST,382,1,4,1
261,ST,382,1,4,1
262,ST,382,1,4,1
263,ST,392,1,3.25,0
264,ST,392,1,3.25,0
265,PC,392,1,3.25,0
266,ST,392,1,3.25,0
267,ST,392,1,3.25,0
268,ST,392,1,3.25,0
269,PD,392,1,3.25,0
270,ST,392,1,3.25,0
271,ST,392,1,3.25,0
272,PC,392,1,3.25,0
273,ST,392,1,3.25,0
274,PD,392,1,3.25,0
275,PD,392,1,3.25,0
276,ST,392,1,3.25,0
277,ST,392,1,3.25,0
278,ST,392,1,3.25,0
279,PC,392,1,3.25,0
280,PD,392,1,3.25,0
281,ST,392,1,3.25,0
282,PC,392,1,3.25,0
283,PD,392,1,3.25,0
284,PC,392,1,3.25,0
285,ST,392,1,3.25,0
286,PD,392,1,3.25,0
287,ST,392,1,3.25,0
288,PC,392,1,3.25,0
289,PC,392,1,3.25,0
290,ST,392,1,3.25,0
291,PD,392,1,3.25,0
292,PC,392,1,3.25,0
293,PC,392,1,3.25,0
294,PC,392,1,3.25,0
295,ST,392,1,3.25,0
296,PD,392,1,3.25,0
297,PC,392,1,3.25,0
298,PD,392,1,3.25,0
299,ST,392,1,3.25,0
300,ST,392,1,3.25,0
301,ST,392,1,3.25,0
302,PC,392,1,3.25,0
303,PD,392,1,3.25,0
304,ST,392,1,3.25,0
305,ST,392,1,3.25,0
306,PD,392,1,3.25,0
307,PC,392,1,3.25,0
308,ST,392,1,3.25,0
309,PD,392,1,3.25,0
310,ST,392,1,3.25,0
311,ST,392,1,3.25,0
312,PD,392,1,3.25,0
313,PC,392,1,3.25,0
314,PD,392,1,3.25,0
315,PC,392,1,3.25,0
316,PC,392,1,3.25,0
317,ST,392,1,3.25,0
318,PD,392,1,3.25,0
319,PC,392,1,3.25,0
320,PC,392,1,3.25,0
321,PD,392,1,3.25,0
322,PC,392,1,3.25,0
323,PD,392,1,3.25,0
324,PC,392,1,3.25,0
325,ST,392,1,3.25,0
326,PC,392,1,3.25,0
327,ST,392,1,3.25,0
328,ST,392,1,3.25,0
329,ST,392,1,3.25,0
330,PD,392,1,3.25,0
331,PC,392,1,3.25,0
332,ST,392,1,3.25,0
333,PC,392,1,3.25,0
334,PD,392,1,3.25,0
335,PC,392,1,3.25,0
336,PD,392,1,3.25,0
337,PC,392,1,3.25,0
338,ST,392,1,3.25,0
339,ST,392,1,3.25,0
340,ST,392,1,3.25,0
341,PC,392,1,3.25,0
342,ST,392,1,3.25,0
343,ST,392,1,3.25,0
344,PD,392,1,3.25,0
345,PD,392,1,3.25,0
346,ST,392,1,3.25,0
347,ST,392,1,3.25,0
348,PD,392,1,3.25,0
349,ST,392,1,3.25,0
350,PC,392,1,3.25,0
351,PC,392,1,3.25,0
352,ST,392,1,3.25,0
353,PC,392,1,3.25,0
354,PC,392,1,3.25,0
355,PD,392,1,3.25,0
356,PD,392,1,3.25,0
357,PC,392,1,3.25,0
358,PC,392,1,3.25,0
359,PD,392,1,3.25,0
360,PC,392,1,3.25,0
361,PD,392,1,3.25,0
362,PD,392,1,3.25,0
363,ST,392,1,3.25,0
364,ST,392,1,3.25,0
365,ST,392,1,3.25,0
366,PC,392,1,3.25,0
367,PD,392,1,3.25,0
368,PC,392,1,3.25,0
369,PD,392,1,3.25,0
370,PC,392,1,3.25,0
371,ST,392,1,3.25,0
372,PC,392,1,3.25,0
373,PC,392,1,3.25,0
374,PD,392,1,3.25,0
375,ST,392,1,3.25,0
376,PC,392,1,3.25,0
377,ST,392,1,3.25,0
378,PD,392,1,3.25,0
379,ST,392,1,3.25,0
380,ST,392,1,3.25,0
381,PC,392,1,3.25,0
382,PC,392,1,3.25,0
383,ST,392,1,3.25,0
384,PD,392,1,3.25,0
385,PC,392,1,3.25,0
386,ST,392,1,3.25,0
387,ST,392,1,3.25,0
388,ST,392,1,3.25,0
389,ST,392,1,3.25,0
390,ST,392,1,3.25,0
391,PC,392,1,3.25,0
392,ST,392,1,3.25,0
393,PC,392,1,3.25,0
394,ST,392,1,3.25,0
395,ST,392,1,3.25,0
396,ST,392,1,3.25,0
397,ST,392,1,3.25,0
398,PC,392,1,3.25,0
399,ST,392,1,3.25,0
400,ST,392,1,3.25,0
401,ST,392,1,3.25,0
402,PC,392,1,3.25,0
403,ST,392,1,3.25,0
404,PC,392,1,3.25,0
405,PD,392,1,3.25,0
406,ST,392,1,3.25,0
407,PC,392,1,3.25,0
408,ST,392,1,3.25,0
409,PC,392,1,3.25,0
410,PD,392,1,3.25,0
411,ST,392,1,3.25,0
412,PD,392,1,3.25,0
413,PD,392,1,3.25,0
414,ST,392,1,3.25,0
415,ST,392,1,3.25,0
416,ST,392,1,3.25,0
417,ST,392,1,3.25,0
418,ST,392,1,3.25,0
419,PD,392,1,3.25,0
420,ST,392,1,3.25,0
421,ST,392,1,3.25,0
422,ST,392,1,3.25,0
423,PD,392,1,3.25,0
424,PC,392,1,3.25,0
425,ST,392,1,3.25,0
426,ST,392,1,3.25,0
427,ST,392,1,3.25,0
428,ST,392,1,3.25,0
429,PD,392,1,3.25,0
430,PD,392,1,3.25,0
431,ST,392,1,3.25,0
432,PD,392,1,3.25,0
433,PD,392,1,3.25,0
434,ST,392,1,3.25,0
435,PC,392,1,3.25,0
436,ST,392,1,3.25,0
437,PD,392,1,3.25,0
438,PD,392,1,3.25,0
439,PD,392,1,3.25,0
440,PD,392,1,3.25,0
441,PC,392,1,3.25,0
442,ST,392,1,3.25,0
443,ST,392,1,3.25,0
444,ST,392,1,3.25,0
445,PC,392,1,3.25,0
446,ST,392,1,3.25,0
447,ST,392,1,3.25,0
448,ST,392,1,3.25,0
449,ST,392,1,3.25,0
450,PC,392,1,3.25,0
451,ST,392,1,3.25,0
452,PD,392,1,3.25,0
453,ST,392,1,3.25,0
454,ST,392,1,3.25,0
455,ST,392,1,3.25,0
456,ST,392,1,3.25,0
457,ST,392,1,3.25,0
458,ST,392,1,3.25,0
459,PC,392,1,3.25,0
460,PD,392,1,3.25,0
461,ST,392,1,3.25,0
462,PD,392,1,3.25,0
463,ST,392,1,3.25,0
464,ST,392,1,3.25,0
465,ST,392,1,3.25,0
466,ST,392,1,3.25,0
467,ST,392,1,3.25,0
468,ST,392,1,3.25,0
469,ST,392,1,3.25,0
470,ST,392,1,3.25,0
471,ST,392,1,3.25,0
472,PD,392,1,3.25,0
473,PD,392,1,3.25,0
474,ST,392,1,3.25,0
475,ST,392,1,3.25,0
476,ST,392,1,3.25,0
477,ST,392,1,3.25,0
478,ST,392,1,3.25,0
479,ST,392,1,3.25,0
480,ST,392,1,3.25,0
481,ST,392,1,3.25,0
482,ST,392,1,3.25,0
483,PD,392,1,3.25,0
484,ST,392,1,3.25,0
485,ST,392,1,3.25,0
486,ST,392,1,3.25,0
487,ST,392,1,3.25,0
488,ST,392,1,3.25,0
489,ST,392,1,3.25,0
490,ST,392,1,3.25,0
491,PD,392,1,3.25,0
492,ST,392,1,3.25,0
493,ST,392,1,3.25,0
494,PC,392,1,3.25,0
495,ST,392,1,3.25,0
496,ST,392,1,3.25,0
497,ST,392,1,3.25,0
498,ST,392,1,3.25,0
499,ST,392,1,3.25,0
500,ST,392,1,3.25,0
501,ST,392,1,3.25,0
502,ST,392,1,3.25,0
503,PC,392,1,3.25,0
504,ST,392,1,3.25,0
505,ST,392,1,3.25,0
506,PD,392,1,3.25,0
507,ST,392,1,3.25,0
508,ST,392,1,3.25,0
509,ST,392,1,3.25,0
510,PC,392,1,3.25,0
511,PD,392,1,3.25,0
512,PD,392,1,3.25,0
513,PD,392,1,3.25,0
514,PD,392,1,3.25,0
515,PD,392,1,3.25,0
516,ST,392,1,3.25,0
517,ST,392,1,3.25,0
518,PC,392,1,3.25,0
519,PD,392,1,3.25,0
520,PD,392,1,3.25,0
521,ST,392,1,3.25,0
522,PC,392,1,3.25,0
523,PD,392,1,3.25,0
524,ST,392,1,3.25,0
525,PD,392,1,3.25,0
526,ST,392,1,3.25,0
527,ST,392,1,3.25,0
528,PD,392,1,3.25,0
529,PD,392,1,3.25,0
530,PD,392,1,3.25,0
531,ST,392,1,3.25,0
532,PD,392,1,3.25,0
533,PD,392,1,3.25,0
534,PD,392,1,3.25,0
535,ST,392,1,3.25,0
536,PC,392,1,3.25,0
537,PD,392,1,3.25,0
538,PC,392,1,3.25,0
539,PC,392,1,3.25,0
540,PD,392,1,3.25,0
541,ST,392,1,3.25,0
542,ST,392,1,3.25,0
543,PD,392,1,3.25,0
544,ST,392,1,3.25,0
545,PD,392,1,3.25,0
546,ST,392,1,3.25,0
547,ST,392,1,3.25,0
548,ST,392,1,3.25,0
549,ST,392,1,3.25,0
550,ST,422,2,4.5,1
551,PD,422,2,4.5,1
552,ST,422,2,4.5,1
553,PC,422,2,4.5,1
554,ST,422,2,4.5,1
555,ST,422,2,4.5,1
556,ST,422,2,4.5,1
557,PC,422,2,4.5,1
558,ST,422,2,4.5,1
559,ST,422,2,4.5,1
560,PC,422,2,4.5,1
561,ST,422,2,4.5,1
562,ST,422,2,4.5,1
563,ST,422,2,4.5,1
564,PC,422,2,4.5,1
565,ST,422,2,4.5,1
566,ST,422,2,4.5,1
567,ST,422,2,4.5,1
568,ST,422,2,4.5,1
569,PD,422,2,4.5,1
570,PC,422,2,4.5,1
571,PC,422,2,4.5,1
572,ST,422,2,4.5,1
573,ST,422,2,4.5,1
574,PD,422,2,4.5,1
575,ST,422,2,4.5,1
576,ST,422,2,4.5,1
577,PC,422,2,4.5,1
578,PD,422,2,4.5,1
579,PC,422,2,4.5,1
580,ST,422,2,4.5,1
581,ST,422,2,4.5,1
582,ST,422,2,4.5,1
583,ST,422,2,4.5,1
584,ST,422,2,4.5,1
585,ST,422,2,4.5,1
586,ST,422,2,4.5,1
587,ST,422,2,4.5,1
588,PC,422,2,4.5,1
589,ST,422,2,4.5,1
590,PC,422,2,4.5,1
591,PC,422,2,4.5,1
592,ST,422,2,4.5,1
593,ST,422,2,4.5,1
594,ST,422,2,4.5,1
595,ST,422,2,4.5,1
596,ST,422,2,4.5,1
597,ST,422,2,4.5,1
598,PC,422,2,4.5,1
599,ST,422,2,4.5,1
600,ST,422,2,4.5,1
601,ST,422,2,4.5,1
602,ST,422,2,4.5,1
603,PC,422,2,4.5,1
604,ST,422,2,4.5,1
605,ST,422,2,4.5,1
606,ST,422,2,4.5,1
607,ST,422,2,4.5,1
608,PC,422,2,4.5,1
609,ST,422,2,4.5,1
610,PC,422,2,4.5,1
611,PD,422,2,4.5,1
612,PC,422,2,4.5,1
613,PD,422,2,4.5,1
614,ST,422,2,4.5,1
615,ST,422,2,4.5,1
616,ST,422,2,4.5,1
617,PC,422,2,4.5,1
618,PC,422,2,4.5,1
619,ST,422,2,4.5,1
620,PC,422,2,4.5,1
621,ST,422,2,4.5,1
622,PD,422,2,4.5,1
623,PC,422,2,4.5,1
624,PC,422,2,4.5,1
625,ST,422,2,4.5,1
626,ST,422,2,4.5,1
627,PC,422,2,4.5,1
628,PD,422,2,4.5,1
629,ST,422,2,4.5,1
630,PC,422,2,4.5,1
631,ST,422,2,4.5,1
632,ST,422,2,4.5,1
633,ST,422,2,4.5,1
634,PC,422,2,4.5,1
635,PC,422,2,4.5,1
636,ST,422,2,4.5,1
637,ST,422,2,4.5,1
638,ST,422,2,4.5,1
639,ST,422,2,4.5,1
640,PD,422,2,4.5,1
641,PD,422,2,4.5,1
642,ST,422,2,4.5,1
643,PD,422,2,4.5,1
644,PC,422,2,4.5,1
645,PD,422,2,4.5,1
646,ST,422,2,4.5,1
647,PC,422,2,4.5,1
648,PD,422,2,4.5,1
649,PC,422,2,4.5,1
650,PC,422,2,4.5,1
651,ST,422,2,4.5,1
652,PC,422,2,4.5,1
653,ST,422,2,4.5,1
654,ST,422,2,4.5,1
655,ST,422,2,4.5,1
656,ST,422,2,4.5,1
657,PC,422,2,4.5,1
658,ST,422,2,4.5,1
659,ST,422,2,4.5,1
660,ST,422,2,4.5,1
661,ST,422,2,4.5,1
662,ST,422,2,4.5,1
663,PC,422,2,4.5,1
664,ST,422,2,4.5,1
665,PC,422,2,4.5,1
666,ST,422,2,4.5,1
667,PC,422,2,4.5,1
668,PD,422,2,4.5,1
669,ST,422,2,4.5,1
670,ST,422,2,4.5,1
671,PC,422,2,4.5,1
672,PC,422,2,4.5,1
673,ST,422,2,4.5,1
674,ST,422,2,4.5,1
675,ST,422,2,4.5,1
676,PD,422,2,4.5,1
677,ST,422,2,4.5,1
678,ST,422,2,4.5,1
679,ST,422,2,4.5,1
680,ST,422,2,4.5,1
681,ST,422,2,4.5,1
682,ST,422,2,4.5,1
683,ST,422,2,4.5,1
684,ST,422,2,4.5,1
685,ST,422,2,4.5,1
686,PC,422,2,4.5,1
687,PD,422,2,4.5,1
688,ST,422,2,4.5,1
689,ST,422,2,4.5,1
690,ST,422,2,4.5,1
691,ST,422,2,4.5,1
692,PC,422,2,4.5,1
693,ST,422,2,4.5,1
694,ST,422,2,4.5,1
695,ST,422,2,4.5,1
696,PC,422,2,4.5,1
697,ST,422,2,4.5,1
698,ST,422,2,4.5,1
699,ST,422,2,4.5,1
700,PD,422,2,4.5,1
701,ST,422,2,4.5,1
702,PC,432,1,3,0
703,ST,432,1,3,0
704,ST,432,1,3,0
705,PD,432,1,3,0
706,PD,432,1,3,0
707,PD,432,1,3,0
708,PC,432,1,3,0
709,PD,432,1,3,0
710,PC,432,1,3,0
711,PD,432,1,3,0
712,ST,432,1,3,0
713,ST,432,1,3,0
714,PD,432,1,3,0
715,PC,432,1,3,0
716,PD,432,1,3,0
717,PC,432,1,3,0
718,PC,432,1,3,0
719,ST,432,1,3,0
720,PD,432,1,3,0
721,ST,432,1,3,0
722,ST,432,1,3,0
723,PD,432,1,3,0
724,PC,432,1,3,0
725,PC,432,1,3,0
726,ST,432,1,3,0
727,ST,432,1,3,0
728,PC,432,1,3,0
729,PD,432,1,3,0
730,PC,432,1,3,0
731,PD,432,1,3,0
732,PC,432,1,3,0
733,PC,432,1,3,0
734,PD,432,1,3,0
735,PC,432,1,3,0
736,PC,432,1,3,0
737,PD,432,1,3,0
738,ST,432,1,3,0
739,ST,432,1,3,0
740,ST,432,1,3,0
741,ST,432,1,3,0
742,ST,432,1,3,0
743,PD,432,1,3,0
744,PC,432,1,3,0
745,PC,432,1,3,0
746,PD,432,1,3,0
747,PC,432,1,3,0
748,ST,432,1,3,0
749,PC,432,1,3,0
750,ST,432,1,3,0
751,ST,432,1,3,0
752,ST,432,1,3,0
753,ST,432,1,3,0
754,PC,432,1,3,0
755,PD,432,1,3,0
756,ST,432,1,3,0
757,ST,432,1,3,0
758,ST,432,1,3,0
759,PD,432,1,3,0
760,PC,432,1,3,0
761,PD,432,1,3,0
762,PC,432,1,3,0
763,PD,432,1,3,0
764,ST,432,1,3,0
765,ST,432,1,3,0
766,PD,432,1,3,0
767,ST,432,1,3,0
768,ST,432,1,3,0
769,PC,432,1,3,0
770,PD,432,1,3,0
771,ST,432,1,3,0
772,ST,432,1,3,0
773,PC,432,1,3,0
774,ST,432,1,3,0
775,ST,432,1,3,0
776,ST,432,1,3,0
777,PD,432,1,3,0
778,ST,432,1,3,0
779,PC,432,1,3,0
780,ST,432,1,3,0
781,PC,432,1,3,0
782,PC,432,1,3,0
783,PD,432,1,3,0
784,PC,432,1,3,0
785,PD,432,1,3,0
786,PC,432,1,3,0
787,ST,432,1,3,0
788,ST,432,1,3,0
789,PC,432,1,3,0
790,PC,432,1,3,0
791,PD,432,1,3,0
792,PC,432,1,3,0
793,PD,432,1,3,0
794,PC,432,1,3,0
795,PD,432,1,3,0
796,PD,432,1,3,0
797,PC,432,1,3,0
798,PC,432,1,3,0
799,PD,432,1,3,0
800,ST,432,1,3,0
801,PD,432,1,3,0
802,PC,432,1,3,0
803,PD,432,1,3,0
804,PC,432,1,3,0
805,PC,432,1,3,0
806,PC,432,1,3,0
807,PD,432,1,3,0
808,PC,432,1,3,0
809,PD,432,1,3,0
810,PC,432,1,3,0
811,ST,432,1,3,0
812,PC,432,1,3,0
813,PD,432,1,3,0
814,PD,432,1,3,0
815,PC,432,1,3,0
816,PD,432,1,3,0
817,ST,432,1,3,0
818,ST,432,1,3,0
819,PD,432,1,3,0
820,PC,432,1,3,0
821,PC,432,1,3,0
822,PC,432,1,3,0
823,PD,432,1,3,0
824,PD,432,1,3,0
825,PC,432,1,3,0
826,PC,432,1,3,0
827,PD,432,1,3,0
828,ST,432,1,3,0
829,PC,432,1,3,0
830,PC,432,1,3,0
831,ST,432,1,3,0
832,PD,432,1,3,0
833,PC,432,1,3,0
834,ST,432,1,3,0
835,ST,432,1,3,0
836,PC,432,1,3,0
837,ST,432,1,3,0
838,PD,432,1,3,0
839,ST,432,1,3,0
840,PD,432,1,3,0
841,ST,432,1,3,0
842,ST,432,1,3,0
843,PD,432,1,3,0
844,ST,432,1,3,0
845,ST,432,1,3,0
846,PD,432,1,3,0
847,PD,432,1,3,0
848,PD,432,1,3,0
849,PC,432,1,3,0
850,PD,432,1,3,0
851,ST,432,1,3,0
852,PD,432,1,3,0
853,PC,432,1,3,0
854,PD,432,1,3,0
855,PC,432,1,3,0
856,PC,432,1,3,0
857,PD,432,1,3,0
858,PC,432,1,3,0
859,PD,432,1,3,0
860,ST,432,1,3,0
861,ST,432,1,3,0
862,PC,432,1,3,0
863,ST,432,1,3,0
864,PD,432,1,3,0
865,PD,432,1,3,0
866,PC,432,1,3,0
867,PC,432,1,3,0
868,ST,432,1,3,0
869,PD,462,1,2,0
870,PD,462,1,2,0
871,PC,462,1,2,0
872,PC,462,1,2,0
873,ST,462,1,2,0
874,PC,462,1,2,0
875,PC,462,1,2,0
876,ST,462,1,2,0
877,PC,462,1,2,0
878,PC,462,1,2,0
879,ST,462,1,2,0
880,PD,462,1,2,0
881,ST,462,1,2,0
882,PC,462,1,2,0
883,PD,462,1,2,0
884,PC,462,1,2,0
885,ST,462,1,2,0
886,PD,462,1,2,0
887,ST,462,1,2,0
888,ST,462,1,2,0
889,ST,462,1,2,0
890,PD,462,1,2,0
891,PC,462,1,2,0
892,PC,462,1,2,0
893,ST,462,1,2,0
894,PD,462,1,2,0
895,ST,462,1,2,0
896,PC,462,1,2,0
897,PC,462,1,2,0
898,ST,462,1,2,0
899,ST,462,1,2,0
900,ST,462,1,2,0
901,PC,462,1,2,0
902,PC,462,1,2,0
903,ST,462,1,2,0
904,ST,462,1,2,0
905,PC,462,1,2,0
906,ST,462,1,2,0
907,ST,462,1,2,0
908,PD,462,1,2,0
909,ST,462,1,2,0
910,ST,462,1,2,0
911,ST,462,1,2,0
912,PC,462,1,2,0
913,ST,462,1,2,0
914,PC,462,1,2,0
915,ST,462,1,2,0
916,PC,462,1,2,0
917,ST,462,1,2,0
918,PC,462,1,2,0
919,ST,462,1,2,0
920,PC,462,1,2,0
921,ST,462,1,2,0
922,ST,462,1,2,0
923,ST,462,1,2,0
924,ST,462,1,2,0
925,ST,462,1,2,0
926,PC,462,1,2,0
927,ST,462,1,2,0
928,PD,462,1,2,0
929,PC,462,1,2,0
930,PD,462,1,2,0
931,ST,462,1,2,0
932,ST,462,1,2,0
933,ST,462,1,2,0
934,ST,462,1,2,0
935,ST,462,1,2,0
936,ST,462,1,2,0
937,ST,462,1,2,0
938,ST,462,1,2,0
939,PD,492,2,4,1
940,PC,492,2,4,1
941,PC,492,2,4,1
942,PD,492,2,4,1
943,PD,492,2,4,1
944,PC,492,2,4,1
945,ST,492,2,4,1
946,ST,492,2,4,1
947,PD,492,2,4,1
948,PC,492,2,4,1
949,PC,492,2,4,1
950,PC,492,2,4,1
951,PD,492,2,4,1
952,PD,492,2,4,1
953,PC,492,2,4,1
954,PD,492,2,4,1
955,PD,492,2,4,1
956,PC,492,2,4,1
957,ST,492,2,4,1
958,PC,492,2,4,1
959,PD,492,2,4,1
960,PC,492,2,4,1
961,PD,492,2,4,1
962,ST,492,2,4,1
963,PC,492,2,4,1
964,PC,492,2,4,1
965,PC,492,2,4,1
966,ST,492,2,4,1
967,PD,492,2,4,1
968,ST,492,2,4,1
969,PD,492,2,4,1
970,PC,492,2,4,1
971,PD,492,2,4,1
972,PC,492,2,4,1
973,PD,492,2,4,1
974,PC,492,2,4,1
975,PD,492,2,4,1
976,ST,492,2,4,1
977,ST,492,2,4,1
978,PC,492,2,4,1
979,PD,492,2,4,1
980,PD,492,2,4,1
981,PD,492,2,4,1
982,PD,492,2,4,1
983,PC,492,2,4,1
984,PC,492,2,4,1
985,ST,492,2,4,1
986,ST,492,2,4,1
987,PD,492,2,4,1
988,PC,492,2,4,1
989,ST,492,2,4,1
990,PC,492,2,4,1
991,PD,492,2,4,1
992,ST,492,2,4,1
993,PD,492,2,4,1
994,ST,492,2,4,1
995,ST,492,2,4,1
996,ST,492,2,4,1
997,ST,492,2,4,1
998,PD,492,2,4,1
999,PC,492,2,4,1
1000,PD,492,2,4,1
1001,ST,492,2,4,1
1002,ST,492,2,4,1
1003,PC,492,2,4,1
1004,PD,492,2,4,1
1005,PD,492,2,4,1
1006,PD,492,2,4,1
1007,PC,492,2,4,1
1008,ST,492,2,4,1
1009,ST,492,2,4,1
1010,PD,492,2,4,1
1011,ST,492,2,4,1
1012,PC,492,2,4,1
1013,PD,492,2,4,1
1014,PC,492,2,4,1
1015,PD,492,2,4,1
1016,PC,492,2,4,1
1017,ST,492,2,4,1
1018,PC,492,2,4,1
1019,PC,492,2,4,1
1020,PD,492,2,4,1
1021,PD,492,2,4,1
1022,PC,492,2,4,1
1023,ST,492,2,4,1
1024,PC,492,2,4,1
1025,PD,492,2,4,1
1026,PC,492,2,4,1
1027,PD,492,2,4,1
1028,PD,492,2,4,1
1029,PC,492,2,4,1
1030,PC,492,2,4,1
1031,PC,492,2,4,1
1032,ST,492,2,4,1
1033,PD,492,2,4,1
1034,PC,492,2,4,1
1035,ST,492,2,4,1
1036,ST,492,2,4,1
1037,ST,492,2,4,1
1038,PD,492,2,4,1
1039,ST,492,2,4,1
1040,PC,492,2,4,1
1041,ST,492,2,4,1
1042,PD,492,2,4,1
1043,PC,492,2,4,1
1044,ST,492,2,4,1
1045,PC,492,2,4,1
1046,PD,492,2,4,1
1047,ST,492,2,4,1
1048,ST,492,2,4,1
1049,ST,492,2,4,1
1050,PC,492,2,4,1
1051,ST,492,2,4,1
1052,PC,492,2,4,1
1053,PD,492,2,4,1
1054,ST,492,2,4,1
1055,ST,492,2,4,1
1056,PC,492,2,4,1
1057,ST,492,2,4,1
1058,ST,492,2,4,1
1059,PC,492,2,4,1
1060,PC,492,2,4,1
1061,PD,492,2,4,1
1062,PC,492,2,4,1
1063,PD,492,2,4,1
1064,PC,492,2,4,1
1065,PD,492,2,4,1
1066,PC,492,2,4,1
1067,ST,492,2,4,1
1068,PC,492,2,4,1
1069,PC,492,2,4,1
1070,ST,492,2,4,1
1071,ST,492,2,4,1
1072,PC,492,2,4,1
1073,ST,492,2,4,1
1074,ST,492,2,4,1
1075,ST,492,2,4,1
1076,PC,492,2,4,1
1077,PC,492,2,4,1
1078,ST,492,2,4,1
1079,PD,492,2,4,1
1080,PC,492,2,4,1
1081,ST,492,2,4,1
1082,PC,492,2,4,1
1083,PC,492,2,4,1
1084,ST,492,2,4,1
1085,ST,492,2,4,1
1086,PD,492,2,4,1
1087,ST,492,2,4,1
1088,PC,492,2,4,1
1089,ST,492,2,4,1
1090,PC,492,2,4,1
1091,PC,492,2,4,1
1092,ST,492,2,4,1
1093,PC,492,2,4,1
1094,ST,492,2,4,1
1095,PC,492,2,4,1
1096,ST,492,2,4,1
1097,PC,492,2,4,1
1098,PD,492,2,4,1
1099,PC,492,2,4,1
1100,PC,492,2,4,1
1101,ST,492,2,4,1
1102,PD,492,2,4,1
1103,PC,492,2,4,1
1104,PC,492,2,4,1
1105,PD,492,2,4,1
1106,PC,492,2,4,1
1107,PC,492,2,4,1
1108,PC,492,2,4,1
1109,ST,492,2,4,1
1110,PC,492,2,4,1
1111,ST,492,2,4,1
1112,ST,492,2,4,1
1113,PC,492,2,4,1
1114,PD,492,2,4,1
1115,PC,492,2,4,1
1116,PC,492,2,4,1
1117,ST,492,2,4,1
1118,ST,522,1,2,0
1119,PC,522,1,2,0
1120,ST,522,1,2,0
1121,PC,522,1,2,0
1122,PD,522,1,2,0
1123,ST,522,1,2,0
1124,ST,522,1,2,0
1125,ST,522,1,2,0
1126,PC,522,1,2,0
1127,PD,522,1,2,0
1128,ST,522,1,2,0
1129,PC,522,1,2,0
1130,ST,522,1,2,0
1131,PD,522,1,2,0
1132,PC,522,1,2,0
1133,ST,522,1,2,0
1134,PC,522,1,2,0
1135,ST,522,1,2,0
1136,PC,522,1,2,0
1137,ST,522,1,2,0
1138,PC,522,1,2,0
1139,PD,522,1,2,0
1140,PC,522,1,2,0
1141,ST,522,1,2,0
1142,PD,522,1,2,0
1143,ST,522,1,2,0
1144,ST,522,1,2,0
1145,ST,522,1,2,0
1146,ST,522,1,2,0
1147,PC,522,1,2,0
1148,ST,522,1,2,0
1149,ST,522,1,2,0
1150,ST,522,1,2,0
1151,ST,522,1,2,0
1152,ST,522,1,2,0
1153,ST,522,1,2,0
1154,ST,522,1,2,0
1155,ST,522,1,2,0
1156,PD,522,1,2,0
1157,ST,522,1,2,0
1158,PD,522,1,2,0
1159,PD,522,1,2,0
1160,PC,522,1,2,0
1161,PD,522,1,2,0
1162,PC,522,1,2,0
1163,ST,522,1,2,0
1164,ST,522,1,2,0
1165,ST,522,1,2,0
1166,ST,522,1,2,0
1167,ST,522,1,2,0
1168,ST,522,1,2,0
1169,ST,522,1,2,0
1170,ST,522,1,2,0
1171,PD,522,1,2,0
1172,ST,522,1,2,0
1173,ST,522,1,2,0
1174,PC,522,1,2,0
1175,PD,522,1,2,0
1176,PC,522,1,2,0
1177,ST,522,1,2,0
1178,ST,522,1,2,0
1179,PC,522,1,2,0
1180,ST,522,1,2,0
1181,ST,522,1,2,0
1182,ST,522,1,2,0
1183,PC,522,1,2,0
1184,PD,522,1,2,0
1185,PD,522,1,2,0
1186,PC,522,1,2,0
1187,PC,522,1,2,0
1188,PC,522,1,2,0
1189,ST,522,1,2,0
1190,PC,522,1,2,0
1191,ST,522,1,2,0
1192,PD,522,1,2,0
1193,ST,522,1,2,0
1194,PD,522,1,2,0
1195,PD,522,1,2,0
1196,PC,522,1,2,0
1197,ST,522,1,2,0
1198,ST,522,1,2,0
1199,PC,522,1,2,0
1200,PC,522,1,2,0
1201,PC,522,1,2,0
1202,PD,522,1,2,0
1203,ST,522,1,2,0
1204,PC,522,1,2,0
1205,ST,522,1,2,0
1206,ST,522,1,2,0
1207,ST,522,1,2,0
1208,PC,522,1,2,0
1209,ST,522,1,2,0
1210,ST,522,1,2,0
1211,PD,522,1,2,0
1212,ST,522,1,2,0
1213,PC,522,1,2,0
1214,PC,522,1,2,0
1215,PC,522,1,2,0
1216,PC,522,1,2,0
1217,PC,522,1,2,0
1218,PC,522,1,2,0
1219,ST,522,1,2,0
1220,ST,522,1,2,0
1221,PD,522,1,2,0
1222,PC,522,1,2,0
1223,ST,522,1,2,0
1224,PC,522,1,2,0
1225,ST,522,1,2,0
1226,PC,522,1,2,0
1227,ST,522,1,2,0
1228,PC,522,1,2,0
1229,ST,522,1,2,0
1230,ST,522,1,2,0
1231,ST,522,1,2,0
1232,ST,522,1,2,0
1233,PC,522,1,2,0
1234,PC,522,1,2,0
1235,PC,522,1,2,0
1236,PD,522,1,2,0
1237,PD,522,1,2,0
1238,PD,522,1,2,0
1239,PD,522,1,2,0
1240,PD,522,1,2,0
1241,PC,522,1,2,0
1242,PD,522,1,2,0
1243,PD,522,1,2,0
1244,PD,522,1,2,0
1245,PC,522,1,2,0
1246,PD,522,1,2,0
1247,PD,522,1,2,0
1248,PD,522,1,2,0
1249,PC,522,1,2,0
1250,PD,522,1,2,0
1251,PD,522,1,2,0
1252,PC,522,1,2,0
1253,PD,522,1,2,0
1254,PC,522,1,2,0
1255,ST,522,1,2,0
1256,PC,522,1,2,0
1257,ST,522,1,2,0
1258,PC,522,1,2,0
1259,ST,522,1,2,0
1260,ST,522,1,2,0
1261,ST,522,1,2,0
1262,ST,522,1,2,0
1263,ST,522,1,2,0
1264,ST,522,1,2,0
1265,PD,522,1,2,0
1266,ST,522,1,2,0
1267,PC,522,1,2,0
1268,ST,522,1,2,0
1269,PC,522,1,2,0
1270,ST,522,1,2,0
1271,ST,522,1,2,0
1272,ST,522,1,2,0
1273,ST,522,1,2,0
1274,ST,522,1,2,0
1275,ST,522,1,2,0
1276,PC,522,1,2,0
1277,PC,522,1,2,0
1278,ST,522,1,2,0
1279,ST,522,1,2,0
1280,ST,522,1,2,0
1281,ST,522,1,2,0
1282,ST,522,1,2,0
1283,PC,522,1,2,0
1284,PC,522,1,2,0
1285,PD,522,1,2,0
1286,PC,522,1,2,0
1287,ST,522,1,2,0
1288,ST,522,1,2,0
1289,ST,522,1,2,0
1290,PC,522,1,2,0
1291,PD,522,1,2,0
1292,ST,522,1,2,0
1293,ST,522,1,2,0
1294,ST,522,1,2,0
1295,ST,522,1,2,0
1296,ST,522,1,2,0
1297,PC,522,1,2,0
1298,PC,522,1,2,0
1299,ST,522,1,2,0
1300,ST,522,1,2,0
1301,ST,522,1,2,0
1302,ST,522,1,2,0
1303,ST,522,1,2,0
1304,PC,522,1,2,0
1305,PD,522,1,2,0
1306,PC,522,1,2,0
1307,PD,522,1,2,0
1308,PC,522,1,2,0
1309,PC,522,1,2,0
1310,ST,522,1,2,0
1311,ST,522,1,2,0
1312,PC,522,1,2,0
1313,PC,522,1,2,0
1314,ST,522,1,2,0
1315,ST,522,1,2,0
1316,PC,522,1,2,0
1317,PC,522,1,2,0
1318,ST,522,1,2,0
1319,PD,522,1,2,0
1320,ST,522,1,2,0
1321,ST,522,1,2,0
1322,ST,522,1,2,0
1323,ST,522,1,2,0
1324,PC,522,1,2,0
1325,PD,522,1,2,0
1326,ST,522,1,2,0
1327,ST,522,1,2,0
1328,ST,522,1,2,0
1329,ST,522,1,2,0
1330,ST,522,1,2,0
1331,ST,522,1,2,0
1332,ST,522,1,2,0
1333,ST,522,1,2,0
1334,ST,522,1,2,0
1335,PD,522,1,2,0
1336,PC,522,1,2,0
1337,PC,522,1,2,0
1338,ST,522,1,2,0
1339,PC,522,1,2,0
1340,PD,522,1,2,0
1341,PC,522,1,2,0
1342,ST,522,1,2,0
1343,PD,522,1,2,0
1344,PD,522,1,2,0
1345,PC,522,1,2,0
1346,ST,522,1,2,0
1347,ST,522,1,2,0
1348,ST,522,1,2,0
1349,ST,522,1,2,0
1350,ST,522,1,2,0
1351,PC,522,1,2,0
1352,ST,522,1,2,0
1353,ST,522,1,2,0
1354,PC,522,1,2,0
1355,PD,522,1,2,0
1356,PC,522,1,2,0
1357,ST,522,1,2,0
1358,PC,522,1,2,0
1359,PC,522,1,2,0
1360,PD,522,1,2,0
1361,ST,522,1,2,0
1362,PC,522,1,2,0
1363,ST,522,1,2,0
1364,PC,522,1,2,0
1365,PC,522,1,2,0
1366,ST,522,1,2,0
1367,PC,522,1,2,0
1368,ST,522,1,2,0
1369,PC,522,1,2,0
1370,ST,522,1,2,0
1371,PC,522,1,2,0
1372,PC,522,1,2,0
1373,ST,522,1,2,0
1374,ST,522,1,2,0
1375,PC,522,1,2,0
1376,ST,522,1,2,0
1377,ST,522,1,2,0
1378,ST,522,1,2,0
1379,ST,522,1,2,0
1380,ST,522,1,2,0
1381,ST,522,1,2,0
1382,ST,522,1,2,0
1383,PC,522,1,2,0
1384,PC,522,1,2,0
1385,ST,522,1,2,0
1386,PD,522,1,2,0
1387,PC,532,2,3.5,0
1388,PD,532,2,3.5,0
1389,ST,532,2,3.5,0
1390,ST,532,2,3.5,0
1391,PD,532,2,3.5,0
1392,ST,532,2,3.5,0
1393,PC,532,2,3.5,0
1394,PD,532,2,3.5,0
1395,ST,532,2,3.5,0
1396,ST,532,2,3.5,0
1397,ST,532,2,3.5,0
1398,ST,532,2,3.5,0
1399,PD,532,2,3.5,0
1400,ST,532,2,3.5,0
1401,ST,532,2,3.5,0
1402,ST,532,2,3.5,0
1403,PC,532,2,3.5,0
1404,ST,532,2,3.5,0
1405,ST,532,2,3.5,0
1406,ST,532,2,3.5,0
1407,ST,532,2,3.5,0
1408,ST,532,2,3.5,0
1409,PC,532,2,3.5,0
1410,ST,532,2,3.5,0
1411,PC,532,2,3.5,0
1412,ST,532,2,3.5,0
1413,ST,532,2,3.5,0
1414,ST,532,2,3.5,0
1415,ST,532,2,3.5,0
1416,ST,532,2,3.5,0
1417,ST,532,2,3.5,0
1418,ST,532,2,3.5,0
1419,ST,532,2,3.5,0
1420,PC,532,2,3.5,0
1421,ST,532,2,3.5,0
1422,ST,532,2,3.5,0
1423,ST,532,2,3.5,0
1424,ST,532,2,3.5,0
1425,PD,532,2,3.5,0
1426,PC,532,2,3.5,0
1427,PC,532,2,3.5,0
1428,PD,552,2,1.5,0
1429,PC,552,2,1.5,0
1430,ST,552,2,1.5,0
1431,ST,552,2,1.5,0
1432,ST,552,2,1.5,0
1433,PC,552,2,1.5,0
1434,ST,552,2,1.5,0
1435,ST,552,2,1.5,0
1436,ST,552,2,1.5,0
1437,ST,552,2,1.5,0
1438,ST,552,2,1.5,0
1439,ST,552,2,1.5,0
1440,ST,552,2,1.5,0
1441,ST,552,2,1.5,0
1442,ST,552,2,1.5,0
1443,ST,552,2,1.5,0
1444,ST,552,2,1.5,0
1445,ST,552,2,1.5,0
1446,ST,552,2,1.5,0
1447,ST,552,2,1.5,0
1448,ST,552,2,1.5,0
1449,PD,552,2,1.5,0
1450,ST,552,2,1.5,0
1451,ST,552,2,1.5,0
1452,ST,552,2,1.5,0
1453,ST,552,2,1.5,0
1454,ST,552,2,1.5,0
1455,PD,552,2,1.5,0
1456,PD,552,2,1.5,0
1457,PD,552,2,1.5,0
1458,ST,552,2,1.5,0
1459,ST,552,2,1.5,0
1460,ST,552,2,1.5,0
1461,ST,552,2,1.5,0
1462,ST,552,2,1.5,0
1463,PD,552,2,1.5,0
1464,PD,552,2,1.5,0
1465,PD,552,2,1.5,0
1466,ST,552,2,1.5,0
1467,PC,552,2,1.5,0
1468,ST,552,2,1.5,0
1469,PD,552,2,1.5,0
1470,ST,552,2,1.5,0
1471,ST,552,2,1.5,0
1472,PD,552,2,1.5,0
1473,ST,552,2,1.5,0
1474,ST,552,2,1.5,0
1475,PC,552,2,1.5,0
1476,ST,552,2,1.5,0
1477,PC,552,2,1.5,0
1478,ST,552,2,1.5,0
1479,ST,552,2,1.5,0
1480,ST,552,2,1.5,0
1481,ST,552,2,1.5,0
1482,PC,552,2,1.5,0
1483,PD,552,2,1.5,0
1484,ST,552,2,1.5,0
1485,PD,552,2,1.5,0
1486,ST,552,2,1.5,0
1487,ST,552,2,1.5,0
1488,ST,552,2,1.5,0
1489,ST,552,2,1.5,0
1490,ST,552,2,1.5,0
1491,ST,552,2,1.5,0
1492,ST,552,2,1.5,0
1493,ST,552,2,1.5,0
1494,ST,552,2,1.5,0
1495,ST,552,2,1.5,0
1496,ST,552,2,1.5,0
1497,ST,552,2,1.5,0
1498,ST,552,2,1.5,0
1499,ST,552,2,1.5,0
1500,ST,552,2,1.5,0
1501,ST,552,2,1.5,0
1502,ST,552,2,1.5,0
1503,ST,552,2,1.5,0
1504,ST,552,2,1.5,0
1505,PC,552,2,1.5,0
1506,ST,552,2,1.5,0
1507,PC,552,2,1.5,0
1508,PD,552,2,1.5,0
1509,PC,552,2,1.5,0
1510,PC,552,2,1.5,0
1511,ST,552,2,1.5,0
1512,PC,552,2,1.5,0
1513,ST,552,2,1.5,0
1514,PC,552,2,1.5,0
1515,ST,552,2,1.5,0
1516,ST,552,2,1.5,0
1517,PC,552,2,1.5,0
1518,PD,552,2,1.5,0
1519,PD,552,2,1.5,0
1520,PC,552,2,1.5,0
1521,PC,552,2,1.5,0
1522,PD,552,2,1.5,0
1523,PD,552,2,1.5,0
1524,PD,552,2,1.5,0
1525,PD,552,2,1.5,0
1526,PC,552,2,1.5,0
1527,PC,552,2,1.5,0
1528,ST,552,2,1.5,0
1529,PC,552,2,1.5,0
1530,ST,552,2,1.5,0
1531,PC,552,2,1.5,0
1532,PC,552,2,1.5,0
1533,ST,552,2,1.5,0
1534,PC,552,2,1.5,0
1535,ST,552,2,1.5,0
1536,ST,552,2,1.5,0
1537,ST,552,2,1.5,0
1538,ST,552,2,1.5,0
1539,ST,552,2,1.5,0
1540,ST,552,2,1.5,0
1541,ST,552,2,1.5,0
1542,PC,552,2,1.5,0
1543,PC,552,2,1.5,0
1544,PC,552,2,1.5,0
1545,ST,552,2,1.5,0
1546,PC,552,2,1.5,0
1547,ST,552,2,1.5,0
1548,PD,552,2,1.5,0
1549,PC,552,2,1.5,0
1550,ST,552,2,1.5,0
1551,PD,552,2,1.5,0
1552,ST,552,2,1.5,0
1553,ST,552,2,1.5,0
1554,ST,552,2,1.5,0
1555,ST,582,2,3.75,0
1556,PC,582,2,3.75,0
1557,PD,582,2,3.75,0
1558,ST,582,2,3.75,0
1559,ST,582,2,3.75,0
1560,PD,582,2,3.75,0
1561,ST,582,2,3.75,0
1562,ST,582,2,3.75,0
1563,ST,582,2,3.75,0
1564,PC,582,2,3.75,0
1565,PD,582,2,3.75,0
1566,ST,582,2,3.75,0
1567,PC,582,2,3.75,0
1568,ST,582,2,3.75,0
1569,ST,582,2,3.75,0
1570,PD,582,2,3.75,0
1571,ST,582,2,3.75,0
1572,PD,582,2,3.75,0
1573,PC,582,2,3.75,0
1574,PD,582,2,3.75,0
1575,PC,582,2,3.75,0
1576,ST,582,2,3.75,0
1577,ST,582,2,3.75,0
1578,PD,582,2,3.75,0
1579,PC,582,2,3.75,0
1580,PD,582,2,3.75,0
1581,ST,582,2,3.75,0
1582,PC,582,2,3.75,0
1583,ST,582,2,3.75,0
1584,ST,582,2,3.75,0
1585,ST,582,2,3.75,0
1586,ST,582,2,3.75,0
1587,ST,582,2,3.75,0
1588,PD,582,2,3.75,0
1589,PC,582,2,3.75,0
1590,ST,582,2,3.75,0
1591,PC,582,2,3.75,0
1592,ST,582,2,3.75,0
1593,ST,582,2,3.75,0
1594,PD,582,2,3.75,0
1595,ST,582,2,3.75,0
1596,PD,582,2,3.75,0
1597,PC,582,2,3.75,0
1598,ST,582,2,3.75,0
1599,PD,582,2,3.75,0
1600,ST,582,2,3.75,0
1601,PC,582,2,3.75,0
1602,ST,582,2,3.75,0
1603,ST,582,2,3.75,0
1604,PD,582,2,3.75,0
1605,ST,582,2,3.75,0
1606,PC,582,2,3.75,0
1607,PD,582,2,3.75,0
1608,PC,582,2,3.75,0
1609,PD,582,2,3.75,0
1610,ST,582,2,3.75,0
1611,PC,582,2,3.75,0
1612,ST,582,2,3.75,0
1613,ST,582,2,3.75,0
1614,ST,582,2,3.75,0
1615,PD,582,2,3.75,0
1616,PD,582,2,3.75,0
1617,PC,582,2,3.75,0
1618,ST,582,2,3.75,0
1619,PD,582,2,3.75,0
1620,PC,582,2,3.75,0
1621,PD,582,2,3.75,0
1622,PD,582,2,3.75,0
1623,ST,582,2,3.75,0
1624,ST,582,2,3.75,0
1625,ST,582,2,3.75,0
1626,ST,582,2,3.75,0
1627,ST,582,2,3.75,0
1628,ST,582,2,3.75,0
1629,PC,582,2,3.75,0
1630,PD,582,2,3.75,0
1631,PC,582,2,3.75,0
1632,PD,582,2,3.75,0
1633,PC,582,2,3.75,0
1634,ST,582,2,3.75,0
1635,ST,582,2,3.75,0
1636,PD,582,2,3.75,0
1637,PD,582,2,3.75,0
1638,PC,582,2,3.75,0
1639,ST,582,2,3.75,0
1640,PD,582,2,3.75,0
1641,PD,582,2,3.75,0
1642,ST,582,2,3.75,0
1643,ST,582,2,3.75,0
1644,ST,582,2,3.75,0
1645,PD,582,2,3.75,0
1646,ST,582,2,3.75,0
1647,ST,582,2,3.75,0
1648,PD,582,2,3.75,0
1649,ST,582,2,3.75,0
1650,ST,582,2,3.75,0
1651,ST,582,2,3.75,0
1652,ST,582,2,3.75,0
1653,ST,582,2,3.75,0
1654,ST,582,2,3.75,0
1655,ST,582,2,3.75,0
1656,PD,582,2,3.75,0
1657,ST,582,2,3.75,0
1658,ST,582,2,3.75,0
1659,ST,582,2,3.75,0
1660,ST,582,2,3.75,0
1661,PD,582,2,3.75,0
1662,ST,582,2,3.75,0
1663,PC,582,2,3.75,0
1664,ST,582,2,3.75,0
1665,PD,582,2,3.75,0
1666,PD,582,2,3.75,0
1667,ST,582,2,3.75,0
1668,ST,582,2,3.75,0
1669,PD,582,2,3.75,0
1670,PD,582,2,3.75,0
1671,PD,582,2,3.75,0
1672,PD,582,2,3.75,0
1673,PD,582,2,3.75,0
1674,PD,582,2,3.75,0
1675,ST,582,2,3.75,0
1676,ST,582,2,3.75,0
1677,ST,582,2,3.75,0
1678,PC,582,2,3.75,0
1679,ST,582,2,3.75,0
1680,ST,582,2,3.75,0
1681,ST,582,2,3.75,0
1682,PC,582,2,3.75,0
1683,ST,582,2,3.75,0
1684,ST,582,2,3.75,0
1685,ST,602,2,4,1
1686,ST,602,2,4,1
1687,ST,602,2,4,1
1688,ST,602,2,4,1
1689,ST,602,2,4,1
1690,PC,602,2,4,1
1691,ST,602,2,4,1
1692,ST,602,2,4,1
1693,ST,602,2,4,1
1694,ST,602,2,4,1
1695,ST,602,2,4,1
1696,ST,602,2,4,1
1697,PD,602,2,4,1
1698,ST,602,2,4,1
1699,ST,602,2,4,1
1700,ST,602,2,4,1
1701,ST,602,2,4,1
1702,ST,602,2,4,1
1703,ST,602,2,4,1
1704,ST,602,2,4,1
1705,ST,602,2,4,1
1706,ST,602,2,4,1
1707,PD,602,2,4,1
1708,ST,602,2,4,1
1709,PC,602,2,4,1
1710,ST,602,2,4,1
1711,ST,602,2,4,1
1712,ST,602,2,4,1
1713,PC,602,2,4,1
1714,ST,602,2,4,1
1715,ST,602,2,4,1
1716,ST,602,2,4,1
1717,PC,602,2,4,1
1718,ST,602,2,4,1
1719,ST,602,2,4,1
1720,ST,602,2,4,1
1721,ST,602,2,4,1
1722,ST,602,2,4,1
1723,ST,602,2,4,1
1724,ST,602,2,4,1
1725,ST,602,2,4,1
1726,ST,602,2,4,1
1727,ST,602,2,4,1
1728,ST,602,2,4,1
1729,ST,602,2,4,1
1730,ST,602,2,4,1
1731,ST,602,2,4,1
1732,PC,602,2,4,1
1733,ST,602,2,4,1
1734,ST,602,2,4,1
1735,ST,602,2,4,1
1736,ST,602,2,4,1
1737,ST,602,2,4,1
1738,PC,602,2,4,1
1739,ST,602,2,4,1
1740,ST,602,2,4,1
1741,ST,602,2,4,1
1742,ST,602,2,4,1
1743,PC,602,2,4,1
1744,PD,602,2,4,1
1745,PD,602,2,4,1
1746,PD,602,2,4,1
1747,PC,602,2,4,1
1748,ST,602,2,4,1
1749,ST,602,2,4,1
1750,ST,602,2,4,1
1751,PC,602,2,4,1
1752,PC,602,2,4,1
1753,ST,602,2,4,1
1754,ST,602,2,4,1
1755,PC,602,2,4,1
1756,ST,602,2,4,1
1757,ST,602,2,4,1
1758,ST,602,2,4,1
1759,ST,602,2,4,1
1760,ST,602,2,4,1
1761,ST,602,2,4,1
1762,PC,602,2,4,1
1763,ST,602,2,4,1
1764,ST,602,2,4,1
1765,ST,602,2,4,1
1766,ST,602,2,4,1
1767,ST,602,2,4,1
1768,PC,602,2,4,1
1769,ST,602,2,4,1
1770,ST,602,2,4,1
1771,ST,602,2,4,1
1772,ST,602,2,4,1
1773,PC,602,2,4,1
1774,ST,602,2,4,1
1775,ST,602,2,4,1
1776,ST,602,2,4,1
1777,ST,602,2,4,1
1778,ST,602,2,4,1
1779,ST,602,2,4,1
1780,ST,602,2,4,1
1781,ST,602,2,4,1
1782,ST,602,2,4,1
1783,ST,602,2,4,1
1784,ST,602,2,4,1
1785,ST,602,2,4,1
1786,ST,602,2,4,1
1787,ST,602,2,4,1
1788,ST,602,2,4,1
1789,ST,602,2,4,1
1790,ST,602,2,4,1
1791,ST,602,2,4,1
1792,ST,602,2,4,1
1793,ST,602,2,4,1
1794,ST,602,2,4,1
1795,PD,602,2,4,1
1796,ST,602,2,4,1
1797,ST,602,2,4,1
1798,PD,602,2,4,1
1799,PC,602,2,4,1
1800,ST,602,2,4,1
1801,PD,602,2,4,1
1802,PC,602,2,4,1
1803,PD,602,2,4,1
1804,PC,602,2,4,1
1805,ST,602,2,4,1
1806,ST,602,2,4,1
1807,ST,602,2,4,1
1808,ST,602,2,4,1
1809,ST,602,2,4,1
1810,ST,602,2,4,1
1811,PD,602,2,4,1
1812,ST,602,2,4,1
1813,PC,602,2,4,1
1814,ST,602,2,4,1
1815,ST,602,2,4,1
1816,ST,602,2,4,1
1817,ST,602,2,4,1
1818,ST,602,2,4,1
1819,ST,602,2,4,1
1820,ST,602,2,4,1
1821,ST,602,2,4,1
1822,ST,602,2,4,1
1823,ST,602,2,4,1
1824,ST,602,2,4,1
1825,PD,602,2,4,1
1826,PC,602,2,4,1
1827,PD,602,2,4,1
1828,ST,602,2,4,1
1829,PC,602,2,4,1
1830,ST,602,2,4,1
1831,ST,602,2,4,1
1832,ST,602,2,4,1
1833,ST,602,2,4,1
1834,ST,602,2,4,1
1835,ST,602,2,4,1
1836,ST,602,2,4,1
1837,ST,602,2,4,1
1838,ST,602,2,4,1
1839,ST,602,2,4,1
1840,ST,602,2,4,1
1841,ST,602,2,4,1
1842,PC,602,2,4,1
1843,PD,602,2,4,1
1844,PC,602,2,4,1
1845,PC,602,2,4,1
1846,ST,602,2,4,1
1847,ST,602,2,4,1
1848,ST,602,2,4,1
1849,ST,602,2,4,1
1850,PC,602,2,4,1
1851,ST,602,2,4,1
1852,PC,602,2,4,1
1853,ST,602,2,4,1
1854,PC,602,2,4,1
1855,ST,602,2,4,1
1856,PD,602,2,4,1
1857,PC,602,2,4,1
1858,ST,602,2,4,1
1859,PD,602,2,4,1
1860,PC,602,2,4,1
1861,ST,602,2,4,1
1862,ST,602,2,4,1
1863,ST,602,2,4,1
1864,ST,602,2,4,1
1865,ST,602,2,4,1
1866,ST,602,2,4,1
1867,ST,602,2,4,1
1868,ST,602,2,4,1
1869,ST,602,2,4,1
1870,ST,602,2,4,1
1871,ST,602,2,4,1
1872,ST,602,2,4,1
1873,ST,602,2,4,1
1874,ST,602,2,4,1
1875,ST,602,2,4,1
1876,ST,602,2,4,1
1877,ST,602,2,4,1
1878,ST,602,2,4,1
1879,PD,602,2,4,1
1880,PC,602,2,4,1
1881,ST,602,2,4,1
1882,ST,602,2,4,1
1883,ST,602,2,4,1
1884,ST,602,2,4,1
1885,ST,602,2,4,1
1886,ST,602,2,4,1
1887,ST,602,2,4,1
1888,ST,602,2,4,1
1889,ST,602,2,4,1
1890,ST,602,2,4,1
1891,ST,602,2,4,1
1892,ST,602,2,4,1
1893,ST,602,2,4,1
1894,ST,602,2,4,1
1895,ST,602,2,4,1
1896,ST,602,2,4,1
1897,ST,602,2,4,1
1898,ST,602,2,4,1
1899,ST,602,2,4,1
1900,PD,602,2,4,1
1901,PC,602,2,4,1
1902,ST,602,2,4,1
1903,PC,602,2,4,1
1904,ST,602,2,4,1
1905,PD,602,2,4,1
1906,PC,602,2,4,1
1907,PD,602,2,4,1
1908,ST,602,2,4,1
1909,ST,602,2,4,1
1910,ST,602,2,4,1
1911,ST,602,2,4,1
1912,ST,602,2,4,1
1913,ST,602,2,4,1
1914,ST,602,2,4,1
1915,ST,602,2,4,1
1916,PC,602,2,4,1
1917,ST,602,2,4,1
1918,ST,602,2,4,1
1919,ST,602,2,4,1
1920,ST,602,2,4,1
1921,ST,602,2,4,1
1922,ST,602,2,4,1
1923,ST,602,2,4,1
1924,ST,602,2,4,1
1925,PD,602,2,4,1
1926,ST,602,2,4,1
1927,ST,602,2,4,1
1928,PC,602,2,4,1
1929,ST,602,2,4,1
1930,ST,602,2,4,1
1931,ST,602,2,4,1
1932,ST,602,2,4,1
1933,ST,602,2,4,1
1934,ST,602,2,4,1
1935,PC,602,2,4,1
1936,PD,602,2,4,1
1937,PD,602,2,4,1
1938,PC,602,2,4,1
1939,PC,602,2,4,1
1940,ST,602,2,4,1
1941,ST,602,2,4,1
1942,PC,602,2,4,1
1943,PD,602,2,4,1
1944,ST,602,2,4,1
1945,ST,602,2,4,1
1946,ST,602,2,4,1
1947,ST,602,2,4,1
1948,ST,602,2,4,1
1949,ST,602,2,4,1
1950,PC,602,2,4,1
1951,ST,602,2,4,1
1952,PD,602,2,4,1
1953,ST,602,2,4,1
1954,ST,602,2,4,1
1955,ST,602,2,4,1
1956,ST,602,2,4,1
1957,ST,602,2,4,1
1958,ST,602,2,4,1
1959,PC,602,2,4,1
1960,ST,602,2,4,1
1961,PD,602,2,4,1
1962,ST,602,2,4,1
1963,ST,602,2,4,1
1964,ST,602,2,4,1
1965,ST,602,2,4,1
1966,ST,602,2,4,1
1967,PC,602,2,4,1
1968,ST,602,2,4,1
1969,ST,602,2,4,1
1970,ST,602,2,4,1
1971,ST,602,2,4,1
1972,ST,602,2,4,1
1973,ST,602,2,4,1
1974,ST,602,2,4,1
1975,ST,602,2,4,1
1976,ST,602,2,4,1
1977,PD,602,2,4,1
1978,ST,602,2,4,1
1979,ST,602,2,4,1
1980,ST,602,2,4,1
1981,ST,602,2,4,1
1982,ST,602,2,4,1
1983,ST,602,2,4,1
1984,ST,602,2,4,1
1985,ST,602,2,4,1
1986,ST,602,2,4,1
1987,ST,602,2,4,1
1988,ST,602,2,4,1
1989,ST,602,2,4,1
1990,ST,602,2,4,1
1991,ST,602,2,4,1
1992,ST,602,2,4,1
1993,ST,602,2,4,1
1994,ST,602,2,4,1
1995,ST,602,2,4,1
1996,PD,602,2,4,1
1997,ST,602,2,4,1
1998,PC,602,2,4,1
1999,PC,602,2,4,1
2000,ST,602,2,4,1
2001,ST,602,2,4,1
2002,ST,602,2,4,1
2003,ST,602,2,4,1
2004,ST,602,2,4,1
2005,ST,602,2,4,1
2006,ST,602,2,4,1
2007,ST,602,2,4,1
2008,ST,602,2,4,1
2009,ST,602,2,4,1
2010,ST,602,2,4,1
2011,ST,602,2,4,1
2012,ST,602,2,4,1
2013,ST,602,2,4,1
2014,ST,602,2,4,1
2015,ST,602,2,4,1
2016,ST,602,2,4,1
2017,PD,602,2,4,1
2018,ST,602,2,4,1
2019,PC,602,2,4,1
2020,ST,602,2,4,1
2021,ST,602,2,4,1
2022,ST,602,2,4,1
2023,PC,602,2,4,1
2024,PD,602,2,4,1
2025,ST,602,2,4,1
2026,ST,602,2,4,1
2027,PD,602,2,4,1
2028,ST,602,2,4,1
2029,ST,602,2,4,1
2030,ST,602,2,4,1
2031,PD,602,2,4,1
2032,ST,602,2,4,1
2033,PC,602,2,4,1
2034,ST,602,2,4,1
2035,ST,602,2,4,1
2036,PD,602,2,4,1
2037,PC,602,2,4,1
2038,ST,602,2,4,1
2039,ST,602,2,4,1
2040,ST,602,2,4,1
2041,ST,602,2,4,1
2042,PC,602,2,4,1
2043,PD,602,2,4,1
2044,PC,602,2,4,1
2045,ST,602,2,4,1
2046,ST,602,2,4,1
2047,ST,602,2,4,1
2048,ST,602,2,4,1
2049,ST,602,2,4,1
2050,PC,602,2,4,1
2051,ST,602,2,4,1
2052,ST,602,2,4,1
2053,ST,602,2,4,1
2054,ST,602,2,4,1
2055,ST,602,2,4,1
2056,ST,602,2,4,1
2057,PD,602,2,4,1
2058,ST,602,2,4,1
2059,ST,602,2,4,1
2060,PC,602,2,4,1
2061,ST,602,2,4,1
2062,ST,602,2,4,1
2063,ST,602,2,4,1
2064,ST,602,2,4,1
2065,ST,602,2,4,1
2066,PC,602,2,4,1
2067,ST,602,2,4,1
2068,PC,602,2,4,1
2069,ST,602,2,4,1
2070,PD,602,2,4,1
2071,ST,602,2,4,1
2072,ST,602,2,4,1
2073,ST,602,2,4,1
2074,ST,602,2,4,1
2075,PD,602,2,4,1
2076,ST,602,2,4,1
2077,PD,602,2,4,1
2078,PC,602,2,4,1
2079,PD,602,2,4,1
2080,ST,602,2,4,1
2081,PD,602,2,4,1
2082,PC,602,2,4,1
2083,ST,602,2,4,1
2084,PD,602,2,4,1
2085,ST,602,2,4,1
2086,PC,602,2,4,1
2087,PC,602,2,4,1
2088,ST,602,2,4,1
2089,PD,602,2,4,1
2090,PC,602,2,4,1
2091,ST,602,2,4,1
2092,PC,602,2,4,1
2093,ST,602,2,4,1
2094,ST,602,2,4,1
2095,ST,602,2,4,1
2096,PD,602,2,4,1
2097,ST,602,2,4,1
2098,PC,602,2,4,1
2099,ST,602,2,4,1
2100,ST,602,2,4,1
2101,ST,602,2,4,1
2102,PD,602,2,4,1
2103,ST,602,2,4,1
2104,ST,602,2,4,1
2105,PD,602,2,4,1
2106,PC,602,2,4,1
2107,PD,602,2,4,1
2108,ST,602,2,4,1
2109,PD,602,2,4,1
2110,PD,602,2,4,1
2111,ST,602,2,4,1
2112,PD,602,2,4,1
2113,PC,602,2,4,1
2114,PD,602,2,4,1
2115,PC,602,2,4,1
2116,ST,602,2,4,1
2117,ST,602,2,4,1
2118,PD,602,2,4,1
2119,PD,602,2,4,1
2120,PD,602,2,4,1
2121,PC,602,2,4,1
2122,PD,602,2,4,1
2123,ST,602,2,4,1
2124,PD,602,2,4,1
2125,ST,602,2,4,1
2126,PD,602,2,4,1
2127,PD,602,2,4,1
2128,ST,602,2,4,1
2129,PD,602,2,4,1
2130,PD,602,2,4,1
2131,ST,602,2,4,1
2132,PD,602,2,4,1
2133,ST,602,2,4,1
2134,PC,602,2,4,1
2135,PC,602,2,4,1
2136,PD,602,2,4,1
2137,ST,602,2,4,1
2138,PC,602,2,4,1
2139,PD,602,2,4,1
2140,ST,602,2,4,1
2141,PD,602,2,4,1
2142,ST,602,2,4,1
2143,PD,602,2,4,1
2144,PC,602,2,4,1
2145,PD,602,2,4,1
2146,ST,602,2,4,1
2147,PD,602,2,4,1
2148,PD,602,2,4,1
2149,PC,602,2,4,1
2150,PD,602,2,4,1
2151,ST,602,2,4,1
2152,PD,602,2,4,1
2153,PD,602,2,4,1
2154,ST,602,2,4,1
2155,ST,602,2,4,1
2156,PC,602,2,4,1
2157,PD,602,2,4,1
2158,ST,602,2,4,1
2159,PC,602,2,4,1
2160,PD,602,2,4,1
2161,ST,632,1,2.75,0
2162,ST,632,1,2.75,0
2163,PD,632,1,2.75,0
2164,ST,632,1,2.75,0
2165,PD,632,1,2.75,0
2166,PC,632,1,2.75,0
2167,PD,632,1,2.75,0
2168,ST,632,1,2.75,0
2169,ST,632,1,2.75,0
2170,ST,632,1,2.75,0
2171,PC,632,1,2.75,0
2172,ST,632,1,2.75,0
2173,PD,632,1,2.75,0
2174,ST,632,1,2.75,0
2175,PD,632,1,2.75,0
2176,PC,632,1,2.75,0
2177,ST,632,1,2.75,0
2178,PD,632,1,2.75,0
2179,PC,632,1,2.75,0
2180,ST,632,1,2.75,0
2181,ST,632,1,2.75,0
2182,ST,632,1,2.75,0
2183,ST,632,1,2.75,0
2184,ST,632,1,2.75,0
2185,ST,632,1,2.75,0
2186,ST,632,1,2.75,0
2187,ST,632,1,2.75,0
2188,PC,632,1,2.75,0
2189,PD,632,1,2.75,0
2190,ST,632,1,2.75,0
2191,ST,632,1,2.75,0
2192,PD,632,1,2.75,0
2193,ST,632,1,2.75,0
2194,PD,632,1,2.75,0
2195,PC,632,1,2.75,0
2196,PD,632,1,2.75,0
2197,ST,632,1,2.75,0
2198,PC,632,1,2.75,0
2199,ST,632,1,2.75,0
2200,PD,632,1,2.75,0
2201,ST,632,1,2.75,0
2202,ST,632,1,2.75,0
2203,PC,632,1,2.75,0
2204,ST,632,1,2.75,0
2205,PD,632,1,2.75,0
2206,PD,632,1,2.75,0
2207,PD,632,1,2.75,0
2208,ST,632,1,2.75,0
2209,PD,632,1,2.75,0
2210,PD,632,1,2.75,0
2211,PD,632,1,2.75,0
2212,PC,632,1,2.75,0
2213,PD,632,1,2.75,0
2214,PD,632,1,2.75,0
2215,PD,632,1,2.75,0
2216,ST,632,1,2.75,0
2217,PC,632,1,2.75,0
2218,ST,632,1,2.75,0
2219,PD,632,1,2.75,0
2220,ST,632,1,2.75,0
2221,ST,632,1,2.75,0
2222,ST,632,1,2.75,0
2223,ST,632,1,2.75,0
2224,PC,632,1,2.75,0
2225,PD,632,1,2.75,0
2226,PC,632,1,2.75,0
2227,PC,632,1,2.75,0
2228,ST,632,1,2.75,0
2229,PC,632,1,2.75,0
2230,ST,632,1,2.75,0
2231,PD,632,1,2.75,0
2232,ST,632,1,2.75,0
2233,ST,632,1,2.75,0
2234,PC,632,1,2.75,0
2235,PC,632,1,2.75,0
2236,ST,632,1,2.75,0
2237,ST,632,1,2.75,0
2238,ST,632,1,2.75,0
2239,ST,632,1,2.75,0
2240,ST,632,1,2.75,0
2241,ST,632,1,2.75,0
2242,ST,632,1,2.75,0
2243,PD,632,1,2.75,0
2244,ST,632,1,2.75,0
2245,ST,632,1,2.75,0
2246,PC,632,1,2.75,0
2247,ST,632,1,2.75,0
2248,PC,632,1,2.75,0
2249,PC,632,1,2.75,0
2250,PD,632,1,2.75,0
2251,ST,632,1,2.75,0
2252,ST,632,1,2.75,0
2253,ST,632,1,2.75,0
2254,PC,632,1,2.75,0
2255,ST,632,1,2.75,0
2256,ST,632,1,2.75,0
2257,PD,632,1,2.75,0
2258,PC,632,1,2.75,0
2259,PC,632,1,2.75,0
2260,PD,632,1,2.75,0
2261,PC,632,1,2.75,0
2262,ST,632,1,2.75,0
2263,ST,632,1,2.75,0
2264,PD,632,1,2.75,0
2265,ST,632,1,2.75,0
2266,ST,632,1,2.75,0
2267,PD,632,1,2.75,0
2268,PC,632,1,2.75,0
2269,ST,632,1,2.75,0
2270,ST,632,1,2.75,0
2271,ST,632,1,2.75,0
2272,ST,632,1,2.75,0
2273,ST,632,1,2.75,0
2274,ST,632,1,2.75,0
2275,PD,632,1,2.75,0
2276,PC,632,1,2.75,0
2277,ST,632,1,2.75,0
2278,ST,632,1,2.75,0
2279,ST,632,1,2.75,0
2280,PC,632,1,2.75,0
2281,ST,632,1,2.75,0
2282,ST,632,1,2.75,0
2283,ST,632,1,2.75,0
2284,ST,632,1,2.75,0
2285,ST,632,1,2.75,0
2286,ST,632,1,2.75,0
2287,ST,632,1,2.75,0
2288,PC,632,1,2.75,0
2289,PD,632,1,2.75,0
2290,PC,632,1,2.75,0
2291,PC,632,1,2.75,0
2292,PD,632,1,2.75,0
2293,PC,632,1,2.75,0
2294,PC,632,1,2.75,0
2295,PD,632,1,2.75,0
2296,ST,632,1,2.75,0
2297,ST,632,1,2.75,0
2298,ST,632,1,2.75,0
2299,ST,632,1,2.75,0
2300,PD,632,1,2.75,0
2301,ST,632,1,2.75,0
2302,PC,632,1,2.75,0
2303,PD,632,1,2.75,0
2304,ST,632,1,2.75,0
2305,PC,632,1,2.75,0
2306,PD,632,1,2.75,0
2307,PD,632,1,2.75,0
2308,PC,632,1,2.75,0
2309,PC,632,1,2.75,0
2310,PD,632,1,2.75,0
2311,PD,632,1,2.75,0
2312,PD,632,1,2.75,0
2313,PD,632,1,2.75,0
2314,PC,632,1,2.75,0
2315,PD,632,1,2.75,0
2316,PC,632,1,2.75,0
2317,PD,632,1,2.75,0
2318,PD,632,1,2.75,0
2319,ST,632,1,2.75,0
2320,PD,632,1,2.75,0
2321,ST,632,1,2.75,0
2322,ST,632,1,2.75,0
2323,ST,632,1,2.75,0
2324,ST,632,1,2.75,0
2325,ST,632,1,2.75,0
2326,PD,632,1,2.75,0
2327,ST,632,1,2.75,0
2328,ST,632,1,2.75,0
2329,ST,632,1,2.75,0
2330,ST,632,1,2.75,0
2331,ST,632,1,2.75,0
2332,PC,632,1,2.75,0
2333,PC,632,1,2.75,0
2334,ST,632,1,2.75,0
2335,ST,632,1,2.75,0
2336,PD,632,1,2.75,0
2337,PC,632,1,2.75,0
2338,PC,632,1,2.75,0
2339,ST,632,1,2.75,0
2340,ST,632,1,2.75,0
2341,PD,632,1,2.75,0
2342,ST,632,1,2.75,0
2343,ST,632,1,2.75,0
2344,ST,632,1,2.75,0
2345,ST,632,1,2.75,0
2346,PD,632,1,2.75,0
2347,ST,632,1,2.75,0
2348,ST,632,1,2.75,0
2349,PC,632,1,2.75,0
2350,PD,632,1,2.75,0
2351,ST,632,1,2.75,0
2352,ST,632,1,2.75,0
2353,PD,632,1,2.75,0
2354,ST,632,1,2.75,0
2355,PC,632,1,2.75,0
2356,ST,632,1,2.75,0
2357,PD,632,1,2.75,0
2358,ST,632,1,2.75,0
2359,PC,632,1,2.75,0
2360,ST,632,1,2.75,0
2361,PD,632,1,2.75,0
2362,PC,632,1,2.75,0
2363,PC,632,1,2.75,0
2364,ST,652,2,4.5,1
2365,ST,652,2,4.5,1
2366,PD,652,2,4.5,1
2367,PC,652,2,4.5,1
2368,PD,652,2,4.5,1
2369,PD,652,2,4.5,1
2370,PC,652,2,4.5,1
2371,PD,652,2,4.5,1
2372,PC,652,2,4.5,1
2373,PD,652,2,4.5,1
2374,ST,652,2,4.5,1
2375,ST,652,2,4.5,1
2376,ST,652,2,4.5,1
2377,ST,652,2,4.5,1
2378,PD,652,2,4.5,1
2379,PC,652,2,4.5,1
2380,ST,652,2,4.5,1
2381,ST,652,2,4.5,1
2382,PD,652,2,4.5,1
2383,PC,652,2,4.5,1
2384,PD,652,2,4.5,1
2385,ST,652,2,4.5,1
2386,ST,652,2,4.5,1
2387,ST,652,2,4.5,1
2388,PC,652,2,4.5,1
2389,PD,652,2,4.5,1
2390,PD,652,2,4.5,1
2391,ST,652,2,4.5,1
2392,ST,652,2,4.5,1
2393,PC,652,2,4.5,1
2394,ST,652,2,4.5,1
2395,PD,652,2,4.5,1
2396,PC,652,2,4.5,1
2397,ST,652,2,4.5,1
2398,ST,652,2,4.5,1
2399,PC,652,2,4.5,1
2400,PD,652,2,4.5,1
2401,ST,652,2,4.5,1
2402,PD,652,2,4.5,1
2403,PC,652,2,4.5,1
2404,PD,652,2,4.5,1
2405,ST,652,2,4.5,1
2406,ST,652,2,4.5,1
2407,PC,652,2,4.5,1
2408,PD,652,2,4.5,1
2409,PD,652,2,4.5,1
2410,PC,652,2,4.5,1
2411,PD,652,2,4.5,1
2412,PC,652,2,4.5,1
2413,PC,652,2,4.5,1
2414,PC,652,2,4.5,1
2415,ST,652,2,4.5,1
2416,PD,652,2,4.5,1
2417,PC,652,2,4.5,1
2418,PC,652,2,4.5,1
2419,PD,652,2,4.5,1
2420,ST,652,2,4.5,1
2421,ST,652,2,4.5,1
2422,ST,652,2,4.5,1
2423,PC,652,2,4.5,1
2424,PD,652,2,4.5,1
2425,ST,652,2,4.5,1
2426,PC,652,2,4.5,1
2427,ST,652,2,4.5,1
2428,ST,652,2,4.5,1
2429,ST,652,2,4.5,1
2430,ST,652,2,4.5,1
2431,PD,652,2,4.5,1
2432,ST,652,2,4.5,1
2433,PC,652,2,4.5,1
2434,ST,652,2,4.5,1
2435,ST,652,2,4.5,1
2436,ST,652,2,4.5,1
2437,ST,652,2,4.5,1
2438,PC,652,2,4.5,1
2439,PD,652,2,4.5,1
2440,ST,652,2,4.5,1
2441,PD,652,2,4.5,1
2442,ST,652,2,4.5,1
2443,ST,652,2,4.5,1
2444,PC,652,2,4.5,1
2445,ST,652,2,4.5,1
2446,ST,652,2,4.5,1
2447,ST,652,2,4.5,1
2448,ST,652,2,4.5,1
2449,PC,652,2,4.5,1
2450,PC,652,2,4.5,1
2451,ST,652,2,4.5,1
2452,PD,652,2,4.5,1
2453,ST,652,2,4.5,1
2454,ST,652,2,4.5,1
2455,ST,652,2,4.5,1
2456,ST,652,2,4.5,1
2457,PD,652,2,4.5,1
2458,ST,652,2,4.5,1
2459,PC,652,2,4.5,1
2460,PD,652,2,4.5,1
2461,ST,652,2,4.5,1
2462,ST,652,2,4.5,1
2463,ST,652,2,4.5,1
2464,ST,652,2,4.5,1
2465,ST,652,2,4.5,1
2466,ST,652,2,4.5,1
2467,ST,652,2,4.5,1
2468,ST,652,2,4.5,1
2469,ST,652,2,4.5,1
2470,PC,652,2,4.5,1
2471,ST,652,2,4.5,1
2472,PC,652,2,4.5,1
2473,PC,652,2,4.5,1
2474,PD,652,2,4.5,1
2475,ST,652,2,4.5,1
2476,ST,652,2,4.5,1
2477,ST,652,2,4.5,1
2478,PD,652,2,4.5,1
2479,PC,652,2,4.5,1
2480,PD,652,2,4.5,1
2481,PC,652,2,4.5,1
2482,ST,652,2,4.5,1
2483,ST,652,2,4.5,1
2484,ST,652,2,4.5,1
2485,PD,652,2,4.5,1
2486,PC,652,2,4.5,1
2487,PC,652,2,4.5,1
2488,ST,652,2,4.5,1
2489,PD,652,2,4.5,1
2490,PC,652,2,4.5,1
2491,PD,652,2,4.5,1
2492,PC,652,2,4.5,1
2493,PD,652,2,4.5,1
2494,ST,652,2,4.5,1
2495,ST,652,2,4.5,1
2496,ST,652,2,4.5,1
2497,ST,652,2,4.5,1
2498,ST,652,2,4.5,1
2499,ST,652,2,4.5,1
2500,PD,652,2,4.5,1
2501,ST,652,2,4.5,1
2502,ST,652,2,4.5,1
2503,PC,652,2,4.5,1
2504,PD,652,2,4.5,1
2505,PC,652,2,4.5,1
2506,PD,652,2,4.5,1
2507,PC,652,2,4.5,1
2508,PD,652,2,4.5,1
2509,ST,652,2,4.5,1
2510,ST,652,2,4.5,1
2511,ST,652,2,4.5,1
2512,ST,652,2,4.5,1
2513,ST,652,2,4.5,1
2514,PC,652,2,4.5,1
2515,PD,652,2,4.5,1
2516,PC,652,2,4.5,1
2517,ST,652,2,4.5,1
2518,ST,652,2,4.5,1
2519,PD,652,2,4.5,1
2520,ST,652,2,4.5,1
2521,ST,652,2,4.5,1
2522,PD,652,2,4.5,1
2523,ST,652,2,4.5,1
2524,ST,652,2,4.5,1
2525,ST,652,2,4.5,1
2526,PC,652,2,4.5,1
2527,ST,652,2,4.5,1
2528,PD,652,2,4.5,1
2529,PD,652,2,4.5,1
2530,ST,652,2,4.5,1
2531,ST,652,2,4.5,1
2532,ST,652,2,4.5,1
2533,PD,652,2,4.5,1
2534,ST,652,2,4.5,1
2535,PC,652,2,4.5,1
2536,PD,652,2,4.5,1
2537,PD,652,2,4.5,1
2538,PD,652,2,4.5,1
2539,ST,652,2,4.5,1
2540,ST,652,2,4.5,1
2541,PD,652,2,4.5,1
2542,ST,652,2,4.5,1
2543,PC,652,2,4.5,1
2544,ST,652,2,4.5,1
2545,ST,652,2,4.5,1
2546,ST,652,2,4.5,1
2547,PD,652,2,4.5,1
2548,ST,652,2,4.5,1
2549,PD,652,2,4.5,1
2550,PC,652,2,4.5,1
2551,ST,652,2,4.5,1
2552,PC,652,2,4.5,1
2553,ST,652,2,4.5,1
2554,ST,652,2,4.5,1
2555,ST,652,2,4.5,1
2556,PD,652,2,4.5,1
2557,PD,652,2,4.5,1
2558,PC,652,2,4.5,1
2559,ST,652,2,4.5,1
2560,ST,652,2,4.5,1
2561,PD,652,2,4.5,1
2562,PC,652,2,4.5,1
2563,ST,652,2,4.5,1
2564,ST,652,2,4.5,1
2565,PD,652,2,4.5,1
2566,ST,652,2,4.5,1
2567,PD,652,2,4.5,1
2568,PC,652,2,4.5,1
2569,PD,652,2,4.5,1
2570,PD,652,2,4.5,1
2571,ST,652,2,4.5,1
2572,ST,652,2,4.5,1
2573,PD,652,2,4.5,1
2574,PC,652,2,4.5,1
2575,ST,652,2,4.5,1
2576,PD,652,2,4.5,1
2577,ST,652,2,4.5,1
2578,ST,652,2,4.5,1
2579,PD,652,2,4.5,1
2580,ST,652,2,4.5,1
2581,ST,652,2,4.5,1
2582,PD,652,2,4.5,1
2583,ST,652,2,4.5,1
2584,PD,652,2,4.5,1
2585,PD,652,2,4.5,1
2586,PD,652,2,4.5,1
2587,PD,652,2,4.5,1
2588,PD,652,2,4.5,1
2589,ST,652,2,4.5,1
2590,PC,652,2,4.5,1
2591,PD,652,2,4.5,1
2592,PD,652,2,4.5,1
2593,ST,652,2,4.5,1
2594,ST,652,2,4.5,1
2595,PD,652,2,4.5,1
2596,PC,652,2,4.5,1
2597,PC,652,2,4.5,1
2598,ST,662,2,1,0
2599,ST,662,2,1,0
2600,PD,662,2,1,0
2601,PC,662,2,1,0
2602,PC,662,2,1,0
2603,PD,662,2,1,0
2604,PC,662,2,1,0
2605,ST,662,2,1,0
2606,ST,662,2,1,0
2607,ST,662,2,1,0
2608,ST,662,2,1,0
2609,PC,662,2,1,0
2610,PC,662,2,1,0
2611,PC,662,2,1,0
2612,PD,662,2,1,0
2613,PD,662,2,1,0
2614,ST,662,2,1,0
2615,ST,662,2,1,0
2616,ST,662,2,1,0
2617,PD,662,2,1,0
2618,ST,662,2,1,0
2619,ST,662,2,1,0
2620,ST,662,2,1,0
2621,ST,662,2,1,0
2622,ST,662,2,1,0
2623,ST,662,2,1,0
2624,ST,662,2,1,0
2625,ST,662,2,1,0
2626,PC,662,2,1,0
2627,PC,662,2,1,0
2628,PD,662,2,1,0
2629,PD,662,2,1,0
2630,PD,662,2,1,0
2631,PC,662,2,1,0
2632,PD,662,2,1,0
2633,PC,662,2,1,0
2634,PD,662,2,1,0
2635,ST,662,2,1,0
2636,ST,662,2,1,0
2637,PC,662,2,1,0
2638,PC,662,2,1,0
2639,PC,662,2,1,0
2640,PC,662,2,1,0
2641,ST,662,2,1,0
2642,PC,662,2,1,0
2643,ST,662,2,1,0
2644,ST,662,2,1,0
2645,PD,662,2,1,0
2646,ST,662,2,1,0
2647,ST,662,2,1,0
2648,PC,662,2,1,0
2649,PC,662,2,1,0
2650,PC,662,2,1,0
2651,PD,662,2,1,0
2652,ST,662,2,1,0
2653,ST,662,2,1,0
2654,ST,662,2,1,0
2655,PC,662,2,1,0
2656,PD,662,2,1,0
2657,PD,662,2,1,0
2658,PC,662,2,1,0
2659,PD,662,2,1,0
2660,PC,662,2,1,0
2661,ST,662,2,1,0
2662,ST,662,2,1,0
2663,ST,662,2,1,0
2664,ST,662,2,1,0
2665,ST,662,2,1,0
2666,PD,662,2,1,0
2667,PC,662,2,1,0
2668,ST,662,2,1,0
2669,ST,662,2,1,0
2670,PC,662,2,1,0
2671,PC,662,2,1,0
2672,PD,662,2,1,0
2673,ST,662,2,1,0
2674,ST,662,2,1,0
2675,PD,662,2,1,0
2676,ST,662,2,1,0
2677,ST,662,2,1,0
2678,ST,662,2,1,0
2679,ST,662,2,1,0
2680,ST,662,2,1,0
2681,ST,662,2,1,0
2682,ST,662,2,1,0
2683,ST,662,2,1,0
2684,ST,662,2,1,0
2685,ST,662,2,1,0
2686,ST,662,2,1,0
2687,PC,662,2,1,0
2688,PD,662,2,1,0
2689,PC,662,2,1,0
2690,PD,662,2,1,0
2691,PD,662,2,1,0
2692,PD,662,2,1,0
2693,PD,662,2,1,0
2694,PD,662,2,1,0
2695,ST,662,2,1,0
2696,ST,662,2,1,0
2697,ST,662,2,1,0
2698,ST,662,2,1,0
2699,ST,662,2,1,0
2700,ST,662,2,1,0
2701,ST,662,2,1,0
2702,PD,662,2,1,0
2703,PD,662,2,1,0
2704,ST,662,2,1,0
2705,ST,662,2,1,0
2706,ST,662,2,1,0
2707,ST,662,2,1,0
2708,ST,662,2,1,0
2709,ST,662,2,1,0
2710,ST,662,2,1,0
2711,PC,662,2,1,0
2712,PD,662,2,1,0
2713,PD,662,2,1,0
2714,PD,662,2,1,0
2715,ST,662,2,1,0
2716,ST,662,2,1,0
2717,ST,662,2,1,0
2718,ST,662,2,1,0
2719,ST,662,2,1,0
2720,PD,662,2,1,0
2721,PC,662,2,1,0
2722,PC,662,2,1,0
2723,ST,662,2,1,0
2724,PC,662,2,1,0
2725,ST,662,2,1,0
2726,ST,662,2,1,0
2727,ST,662,2,1,0
2728,ST,662,2,1,0
2729,PD,662,2,1,0
2730,ST,662,2,1,0
2731,PD,662,2,1,0
2732,PD,662,2,1,0
2733,ST,662,2,1,0
2734,ST,662,2,1,0
2735,ST,662,2,1,0
2736,ST,662,2,1,0
2737,PD,662,2,1,0
2738,ST,662,2,1,0
2739,PD,662,2,1,0
2740,ST,662,2,1,0
2741,ST,662,2,1,0
2742,ST,662,2,1,0
2743,PD,662,2,1,0
2744,PC,662,2,1,0
2745,PD,662,2,1,0
2746,PD,662,2,1,0
2747,PC,702,1,5,1
2748,PD,702,1,5,1
2749,ST,702,1,5,1
2750,PD,702,1,5,1
2751,ST,702,1,5,1
2752,PC,702,1,5,1
2753,ST,702,1,5,1
2754,ST,702,1,5,1
2755,PD,702,1,5,1
2756,ST,702,1,5,1
2757,PC,702,1,5,1
2758,ST,702,1,5,1
2759,ST,702,1,5,1
2760,ST,702,1,5,1
2761,ST,702,1,5,1
2762,PC,702,1,5,1
2763,PC,702,1,5,1
2764,ST,702,1,5,1
2765,ST,702,1,5,1
2766,ST,702,1,5,1
2767,PD,702,1,5,1
2768,ST,702,1,5,1
2769,PD,702,1,5,1
2770,PC,702,1,5,1
2771,ST,702,1,5,1
2772,ST,702,1,5,1
2773,PC,702,1,5,1
2774,PD,702,1,5,1
2775,PC,702,1,5,1
2776,PD,702,1,5,1
2777,PC,702,1,5,1
2778,PD,702,1,5,1
2779,PC,702,1,5,1
2780,PD,702,1,5,1
2781,PD,702,1,5,1
2782,PC,702,1,5,1
2783,PD,702,1,5,1
2784,ST,702,1,5,1
2785,ST,702,1,5,1
2786,ST,702,1,5,1
2787,ST,702,1,5,1
2788,ST,702,1,5,1
2789,ST,702,1,5,1
2790,PC,702,1,5,1
2791,ST,702,1,5,1
2792,PC,702,1,5,1
2793,ST,702,1,5,1
2794,PD,702,1,5,1
2795,ST,702,1,5,1
2796,PC,702,1,5,1
2797,PD,702,1,5,1
2798,PC,702,1,5,1
2799,ST,702,1,5,1
2800,PC,702,1,5,1
2801,PD,702,1,5,1
2802,ST,702,1,5,1
2803,ST,702,1,5,1
2804,PC,702,1,5,1
2805,ST,702,1,5,1
2806,ST,702,1,5,1
2807,PD,702,1,5,1
2808,ST,702,1,5,1
2809,PD,702,1,5,1
2810,PD,702,1,5,1
2811,ST,702,1,5,1
2812,ST,702,1,5,1
2813,PD,702,1,5,1
2814,ST,702,1,5,1
2815,ST,702,1,5,1
2816,PD,702,1,5,1
2817,ST,702,1,5,1
2818,ST,702,1,5,1
2819,ST,702,1,5,1
2820,ST,702,1,5,1
2821,ST,702,1,5,1
2822,ST,702,1,5,1
2823,ST,702,1,5,1
2824,ST,702,1,5,1
2825,ST,702,1,5,1
2826,PD,702,1,5,1
2827,ST,702,1,5,1
2828,PD,702,1,5,1
2829,PD,702,1,5,1
2830,ST,702,1,5,1
2831,ST,702,1,5,1
2832,PD,702,1,5,1
2833,ST,702,1,5,1
2834,PD,702,1,5,1
2835,ST,702,1,5,1
2836,ST,702,1,5,1
2837,ST,702,1,5,1
2838,ST,702,1,5,1
2839,ST,702,1,5,1
2840,PD,702,1,5,1
2841,ST,702,1,5,1
2842,ST,702,1,5,1
2843,ST,702,1,5,1
2844,ST,702,1,5,1
2845,PD,702,1,5,1
2846,ST,702,1,5,1
2847,PD,702,1,5,1
2848,PD,702,1,5,1
2849,ST,702,1,5,1
2850,ST,702,1,5,1
2851,PD,702,1,5,1
2852,ST,702,1,5,1
2853,ST,702,1,5,1
2854,PD,702,1,5,1
2855,ST,702,1,5,1
2856,ST,702,1,5,1
2857,ST,702,1,5,1
2858,ST,702,1,5,1
2859,ST,702,1,5,1
2860,ST,702,1,5,1
2861,ST,702,1,5,1
2862,ST,702,1,5,1
2863,PD,702,1,5,1
2864,PD,702,1,5,1
2865,ST,702,1,5,1
2866,ST,702,1,5,1
2867,ST,702,1,5,1
2868,ST,702,1,5,1
2869,ST,702,1,5,1
2870,ST,702,1,5,1
2871,ST,702,1,5,1
2872,ST,702,1,5,1
2873,ST,702,1,5,1
2874,PD,702,1,5,1
2875,ST,702,1,5,1
2876,ST,702,1,5,1
2877,ST,702,1,5,1
2878,ST,702,1,5,1
2879,ST,712,2,5,1
2880,ST,712,2,5,1
2881,PD,712,2,5,1
2882,PC,712,2,5,1
2883,PC,712,2,5,1
2884,PD,712,2,5,1
2885,PC,712,2,5,1
2886,PC,712,2,5,1
2887,PD,712,2,5,1
2888,PC,712,2,5,1
2889,PD,712,2,5,1
2890,ST,712,2,5,1
2891,PC,712,2,5,1
2892,PC,712,2,5,1
2893,PC,712,2,5,1
2894,PC,712,2,5,1
2895,PD,712,2,5,1
2896,PC,712,2,5,1
2897,PC,712,2,5,1
2898,PC,712,2,5,1
2899,ST,712,2,5,1
2900,PC,712,2,5,1
2901,PC,712,2,5,1
2902,PC,712,2,5,1
2903,PC,712,2,5,1
2904,PC,712,2,5,1
2905,PD,712,2,5,1
2906,PD,712,2,5,1
2907,PC,712,2,5,1
2908,PC,712,2,5,1
2909,PC,712,2,5,1
2910,PC,712,2,5,1
2911,PD,712,2,5,1
2912,PC,712,2,5,1
2913,ST,712,2,5,1
2914,ST,712,2,5,1
2915,ST,712,2,5,1
2916,PC,712,2,5,1
2917,ST,712,2,5,1
2918,ST,712,2,5,1
2919,ST,712,2,5,1
2920,ST,712,2,5,1
2921,ST,712,2,5,1
2922,PD,712,2,5,1
2923,ST,712,2,5,1
2924,PC,712,2,5,1
2925,ST,712,2,5,1
2926,PD,712,2,5,1
2927,PD,712,2,5,1
2928,PC,712,2,5,1
2929,ST,712,2,5,1
2930,PD,712,2,5,1
2931,PC,712,2,5,1
2932,PD,712,2,5,1
2933,ST,712,2,5,1
2934,ST,712,2,5,1
2935,PC,712,2,5,1
2936,PD,712,2,5,1
2937,PC,712,2,5,1
2938,ST,712,2,5,1
2939,ST,712,2,5,1
2940,PD,712,2,5,1
2941,PC,712,2,5,1
2942,ST,712,2,5,1
2943,ST,712,2,5,1
2944,PD,712,2,5,1
2945,ST,712,2,5,1
2946,ST,712,2,5,1
2947,PC,712,2,5,1
2948,PC,712,2,5,1
2949,PD,712,2,5,1
2950,ST,712,2,5,1
2951,ST,712,2,5,1
2952,PD,712,2,5,1
2953,PC,712,2,5,1
2954,ST,712,2,5,1
2955,ST,712,2,5,1
2956,PD,712,2,5,1
2957,PD,712,2,5,1
2958,PC,712,2,5,1
2959,PC,712,2,5,1
2960,PC,712,2,5,1
2961,PC,712,2,5,1
2962,PD,712,2,5,1
2963,PD,712,2,5,1
2964,PD,712,2,5,1
2965,PC,712,2,5,1
2966,PC,712,2,5,1
2967,PC,712,2,5,1
2968,PC,712,2,5,1
2969,ST,712,2,5,1
2970,PD,712,2,5,1
2971,ST,712,2,5,1
2972,PC,712,2,5,1
2973,PC,712,2,5,1
2974,PD,712,2,5,1
2975,PC,712,2,5,1
2976,PD,712,2,5,1
2977,PD,712,2,5,1
2978,PC,712,2,5,1
2979,ST,712,2,5,1
2980,ST,712,2,5,1
2981,ST,712,2,5,1
2982,PC,712,2,5,1
2983,ST,712,2,5,1
2984,PD,712,2,5,1
2985,ST,712,2,5,1
2986,ST,712,2,5,1
2987,PC,712,2,5,1
2988,PD,712,2,5,1
2989,PD,712,2,5,1
2990,ST,712,2,5,1
2991,PC,712,2,5,1
2992,PC,712,2,5,1
2993,ST,712,2,5,1
2994,ST,712,2,5,1
2995,ST,712,2,5,1
2996,ST,712,2,5,1
2997,PD,712,2,5,1
2998,PD,712,2,5,1
2999,PC,712,2,5,1
3000,PD,712,2,5,1
3001,PC,712,2,5,1
3002,ST,712,2,5,1
3003,ST,712,2,5,1
3004,PD,712,2,5,1
3005,PC,712,2,5,1
3006,PC,712,2,5,1
3007,PC,712,2,5,1
3008,PC,712,2,5,1
3009,PC,712,2,5,1
3010,PD,712,2,5,1
3011,ST,712,2,5,1
3012,PC,712,2,5,1
3013,PC,712,2,5,1
3014,PD,712,2,5,1
3015,ST,712,2,5,1
3016,ST,712,2,5,1
3017,PD,712,2,5,1
3018,ST,712,2,5,1
3019,ST,712,2,5,1
3020,PD,712,2,5,1
3021,PD,712,2,5,1
3022,PC,712,2,5,1
3023,PC,712,2,5,1
3024,PD,712,2,5,1
3025,PC,712,2,5,1
3026,PD,712,2,5,1
3027,ST,712,2,5,1
3028,PC,712,2,5,1
3029,PD,712,2,5,1
3030,PD,712,2,5,1
3031,PC,712,2,5,1
3032,ST,712,2,5,1
3033,PD,712,2,5,1
3034,PC,712,2,5,1
3035,PC,712,2,5,1
3036,PD,712,2,5,1
3037,ST,712,2,5,1
3038,PD,712,2,5,1
3039,PC,712,2,5,1
3040,ST,712,2,5,1
3041,ST,712,2,5,1
3042,ST,712,2,5,1
3043,PC,712,2,5,1
3044,ST,712,2,5,1
3045,PC,712,2,5,1
3046,PC,712,2,5,1
3047,PD,712,2,5,1
3048,ST,712,2,5,1
3049,ST,712,2,5,1
3050,PC,712,2,5,1
3051,ST,712,2,5,1
3052,PC,712,2,5,1
3053,PC,712,2,5,1
3054,PD,712,2,5,1
3055,PC,712,2,5,1
3056,PC,712,2,5,1
3057,PC,712,2,5,1
3058,PC,712,2,5,1
3059,PD,712,2,5,1
3060,PC,712,2,5,1
3061,ST,712,2,5,1
3062,PC,712,2,5,1
3063,ST,712,2,5,1
3064,ST,712,2,5,1
3065,ST,712,2,5,1
3066,PD,712,2,5,1
3067,PD,712,2,5,1
3068,ST,712,2,5,1
3069,PC,712,2,5,1
3070,PD,712,2,5,1
3071,ST,712,2,5,1
3072,ST,712,2,5,1
3073,PD,712,2,5,1
3074,ST,712,2,5,1
3075,PC,712,2,5,1
3076,PD,712,2,5,1
3077,PD,712,2,5,1
3078,ST,712,2,5,1
3079,ST,712,2,5,1
3080,PC,712,2,5,1
3081,ST,712,2,5,1
3082,PD,712,2,5,1
3083,PC,712,2,5,1
3084,PC,712,2,5,1
3085,PD,712,2,5,1
3086,PD,712,2,5,1
3087,PC,712,2,5,1
3088,PD,712,2,5,1
3089,PD,712,2,5,1
